{
  "ok": true,
  "id": "legacy/gridworld_tutorial_2",
  "diagnostics": {
    "actions_per_timestep": [
      1.0,
      1.0
    ],
    "beliefs_per_timestep": [
      [
        "[1.e-16 1.e-16 1.e-16 1.e-16 1.e-16 1.e-16 1.e-16 1.e-16 1.e+00]"
      ],
      [
        "[1.e-32 2.e-32 3.e-32 1.e-32 2.e-32 3.e-32 1.e-32 2.e-32 1.e+00]"
      ]
    ],
    "q_pi_per_timestep": [
      [
        0.1999999999999997,
        0.1999999999999997,
        0.20000000000000115,
        0.1999999999999997,
        0.1999999999999997
      ],
      [
        0.2,
        0.2,
        0.2,
        0.2,
        0.2
      ]
    ],
    "efe_per_timestep": [
      [
        -2.197224464801049,
        -2.197224464801049,
        -2.1972244648010486,
        -2.197224464801049,
        -2.197224464801049
      ],
      [
        -2.1972244648010504,
        -2.1972244648010504,
        -2.1972244648010504,
        -2.1972244648010504,
        -2.1972244648010504
      ]
    ],
    "vfe_per_timestep": []
  }
}