{
  "ok": true,
  "id": "legacy/gridworld_tutorial_1",
  "diagnostics": {
    "actions_per_timestep": [
      4.0,
      4.0
    ],
    "beliefs_per_timestep": [
      [
        "[1.e-16 1.e-16 1.e-16 1.e-16 1.e-16 1.e-16 1.e+00 1.e-16 1.e-16]"
      ],
      [
        "[2.e-32 2.e-32 2.e-32 2.e-32 2.e-32 2.e-32 1.e+00 2.e-32 2.e-32]"
      ]
    ],
    "q_pi_per_timestep": [
      [
        0.2,
        0.2,
        0.2,
        0.2,
        0.2
      ],
      [
        0.2,
        0.2,
        0.2,
        0.2,
        0.2
      ]
    ],
    "efe_per_timestep": [
      [
        -2.19722446480105,
        -2.19722446480105,
        -2.19722446480105,
        -2.19722446480105,
        -2.19722446480105
      ],
      [
        -2.1972244648010504,
        -2.1972244648010504,
        -2.1972244648010504,
        -2.1972244648010504,
        -2.1972244648010504
      ]
    ],
    "vfe_per_timestep": []
  }
}