{
  "current_beliefs": [
    2.5021507245893217e-25,
    1.5693489344624182e-21,
    1.0
  ],
  "policy_probs": [
    0.2846042683257663,
    0.24236295098080807,
    0.4730327806934256
  ],
  "history_lengths": {
    "beliefs": 1000,
    "observations": 1000,
    "actions": 1000,
    "policy_probs": 1000
  }
}