{
  "current_beliefs": [
    1.0,
    3.926747573498616e-46,
    1.7530123095975995e-48
  ],
  "policy_probs": [
    0.4730327806934256,
    0.24236295098080807,
    0.28460426832576635
  ],
  "history_lengths": {
    "beliefs": 1000,
    "observations": 1000,
    "actions": 1000,
    "policy_probs": 1000
  }
}