{
  "pymdp_agent_integration": {
    "step_by_step_demonstration_successful": false,
    "agent_creation_successful": true,
    "real_time_inference_demonstrated": true,
    "inference_accuracy": 1.0,
    "timesteps_simulated": 5,
    "methods_demonstrated": [
      "Agent.infer_states",
      "update_posterior_states",
      "multi_modal_inference"
    ],
    "main_example_patterns_followed": [
      "agent_demo.py",
      "gridworld_tutorial",
      "building_up_agent_loop.ipynb"
    ]
  },
  "basic_inference_examples": {
    "perfect": {
      "A_matrix": [
        [
          1.0,
          0.0,
          0.0
        ],
        [
          0.0,
          1.0,
          0.0
        ],
        [
          0.0,
          0.0,
          1.0
        ]
      ],
      "posteriors": [
        [
          1.0,
          9.999999999999965e-17,
          9.999999999999965e-17
        ],
        [
          9.999999999999965e-17,
          1.0,
          9.999999999999965e-17
        ],
        [
          9.999999999999963e-17,
          9.999999999999963e-17,
          0.9999999999999998
        ]
      ]
    },
    "noisy": {
      "A_matrix": [
        [
          0.9,
          0.1,
          0.0
        ],
        [
          0.1,
          0.8,
          0.1
        ],
        [
          0.0,
          0.1,
          0.9
        ]
      ],
      "posteriors": [
        [
          0.9,
          0.1,
          0.0
        ],
        [
          0.1,
          0.8,
          0.1
        ],
        [
          0.0,
          0.1,
          0.9
        ]
      ]
    },
    "ambiguous": {
      "A_matrix": [
        [
          0.6,
          0.5,
          0.4
        ],
        [
          0.4,
          0.5,
          0.6
        ]
      ],
      "posteriors": [
        [
          0.39999999999999997,
          0.3333333333333333,
          0.26666666666666666
        ],
        [
          0.26666666666666666,
          0.3333333333333333,
          0.39999999999999997
        ]
      ]
    }
  },
  "vfe_surprise_analysis": {
    "A_matrix": [
      [
        0.9,
        0.1,
        0.05
      ],
      [
        0.05,
        0.8,
        0.1
      ],
      [
        0.05,
        0.1,
        0.85
      ]
    ],
    "analysis_results": [
      {
        "prior_name": "Uniform",
        "prior": [
          0.3333333333333333,
          0.3333333333333333,
          0.3333333333333333
        ],
        "obs": 0,
        "surprise": 1.8012259607352865,
        "vfe": 1.0498221244986772,
        "complexity": 0.5975653749090128,
        "accuracy": -0.45225674958966433,
        "posterior": [
          0.8571428571428571,
          0.0952380952380953,
          0.04761904761904769
        ]
      },
      {
        "prior_name": "Uniform",
        "prior": [
          0.3333333333333333,
          0.3333333333333333,
          0.3333333333333333
        ],
        "obs": 1,
        "surprise": 1.8404869726207478,
        "vfe": 1.1499055830556597,
        "complexity": 0.5619477261835844,
        "accuracy": -0.5879578568720754,
        "posterior": [
          0.052631578947368494,
          0.8421052631578947,
          0.1052631578947369
        ]
      },
      {
        "prior_name": "Uniform",
        "prior": [
          0.3333333333333333,
          0.3333333333333333,
          0.3333333333333333
        ],
        "obs": 2,
        "surprise": 1.8202787653486028,
        "vfe": 1.0986122886681091,
        "complexity": 0.5804260756178965,
        "accuracy": -0.5181862130502125,
        "posterior": [
          0.05000000000000007,
          0.10000000000000007,
          0.8499999999999999
        ]
      },
      {
        "prior_name": "Confident A",
        "prior": [
          0.8,
          0.1,
          0.1
        ],
        "obs": 0,
        "surprise": 0.6141201491810644,
        "vfe": 0.30788477976930034,
        "complexity": 0.15296765926406877,
        "accuracy": -0.15491712050523157,
        "posterior": [
          0.979591836734694,
          0.013605442176870774,
          0.006802721088435392
        ]
      },
      {
        "prior_name": "Confident A",
        "prior": [
          0.8,
          0.1,
          0.1
        ],
        "obs": 1,
        "surprise": 2.649158683274017,
        "vfe": 2.040220828526552,
        "complexity": 0.804016013317039,
        "accuracy": -1.236204815209513,
        "posterior": [
          0.3076923076923078,
          0.6153846153846151,
          0.07692307692307698
        ]
      },
      {
        "prior_name": "Confident A",
        "prior": [
          0.8,
          0.1,
          0.1
        ],
        "obs": 2,
        "surprise": 2.6430962210923736,
        "vfe": 2.002480500543706,
        "complexity": 0.8419675310665886,
        "accuracy": -1.1605129694771172,
        "posterior": [
          0.2962962962962964,
          0.07407407407407413,
          0.6296296296296295
        ]
      },
      {
        "prior_name": "Confident C",
        "prior": [
          0.1,
          0.1,
          0.8
        ],
        "obs": 0,
        "surprise": 2.6373803797083784,
        "vfe": 1.966112856372831,
        "complexity": 0.8779872257920855,
        "accuracy": -1.0881256305807454,
        "posterior": [
          0.6428571428571427,
          0.0714285714285715,
          0.2857142857142859
        ]
      },
      {
        "prior_name": "Confident C",
        "prior": [
          0.1,
          0.1,
          0.8
        ],
        "obs": 1,
        "surprise": 2.1639556568820555,
        "vfe": 1.8018098050815552,
        "complexity": 0.4864343328850084,
        "accuracy": -1.3153754721965467,
        "posterior": [
          0.030303030303030356,
          0.48484848484848486,
          0.48484848484848486
        ]
      },
      {
        "prior_name": "Confident C",
        "prior": [
          0.1,
          0.1,
          0.8
        ],
        "obs": 2,
        "surprise": 0.6598468802530233,
        "vfe": 0.3638434334173447,
        "complexity": 0.15014935520698897,
        "accuracy": -0.21369407821035574,
        "posterior": [
          0.007194244604316563,
          0.014388489208633125,
          0.9784172661870503
        ]
      }
    ]
  },
  "inference_dynamics": {
    "evidence_levels": [
      {
        "name": "Weak Evidence",
        "A_matrix": [
          [
            0.4,
            0.35,
            0.3
          ],
          [
            0.35,
            0.4,
            0.35
          ],
          [
            0.3,
            0.35,
            0.4
          ]
        ],
        "vfe": 1.049822124498677,
        "complexity": 0.006826050572982453,
        "accuracy": -1.0429960739256945,
        "posterior": [
          0.38095238095238093,
          0.3333333333333333,
          0.28571428571428575
        ],
        "certainty": 0.38095238095238093
      },
      {
        "name": "Moderate Evidence",
        "A_matrix": [
          [
            0.6,
            0.3,
            0.2
          ],
          [
            0.2,
            0.6,
            0.3
          ],
          [
            0.3,
            0.2,
            0.6
          ]
        ],
        "vfe": 1.0033021088637843,
        "complexity": 0.1036886560963346,
        "accuracy": -0.8996134527674498,
        "posterior": [
          0.5454545454545454,
          0.27272727272727276,
          0.18181818181818185
        ],
        "certainty": 0.5454545454545454
      },
      {
        "name": "Strong Evidence",
        "A_matrix": [
          [
            0.85,
            0.1,
            0.05
          ],
          [
            0.05,
            0.85,
            0.1
          ],
          [
            0.1,
            0.05,
            0.85
          ]
        ],
        "vfe": 1.0986122886681093,
        "complexity": 0.5804260756178967,
        "accuracy": -0.5181862130502126,