{
  "status": "completed",
  "timestamp": "2024-11-07T18:40:46.725376",
  "summary": {
    "mean_beliefs": [
      0.5770531581890193,
      0.3753155432194587,
      0.04763129859152024
    ],
    "action_frequencies": [
      440,
      219,
      341
    ],
    "final_state": 2,
    "total_timesteps": 1000,
    "homeostasis_metrics": {
      "time_in_homeo": 0.304,
      "transitions": 309,
      "control_efficiency": 0.219
    }
  }
}