{
  "ok": true,
  "id": "docxology/01_minimal_discrete_timestep",
  "detail": {
    "qs_shapes": [
      [
        1,
        1,
        3
      ],
      [
        1,
        1,
        2
      ]
    ],
    "action": [
      2
    ],
    "A_matrix": [
      [
        [
          0.6515052318572998,
          0.27151018381118774,
          0.19264118373394012
        ],
        [
          0.049722351133823395,
          0.6534908413887024,
          0.6022418141365051
        ],
        [
          0.298772394657135,
          0.0749988853931427,
          0.20511704683303833
        ]
      ],
      [
        [
          [
            0.005393845494836569,
            0.6824950575828552
          ],
          [
            0.19164308905601501,
            0.38769087195396423
          ],
          [
            0.5033959746360779,
            0.287977933883667
          ]
        ],
        [
          [
            0.22394424676895142,
            0.024168619886040688
          ],
          [
            0.13426049053668976,
            0.03830402344465256
          ],
          [
            0.2107144445180893,
            0.011409224942326546
          ]
        ],
        [
          [
            0.25981950759887695,
            0.08508528769016266
          ],
          [
            0.6243401765823364,
            0.1482035219669342
          ],
          [
            0.06607098877429962,
            0.4400344491004944
          ]
        ],
        [
          [
            0.4616875648498535,
            0.12802477180957794
          ],
          [
            0.03745667636394501,
            0.3246932923793793
          ],
          [
            0.015140066854655743,
            0.19875174760818481
          ]
        ],
        [
          [
            0.04915478453040123,
            0.08022627234458923
          ],
          [
            0.012299610301852226,
            0.10110826045274734
          ],
          [
            0.2046785205602646,
            0.0618266724050045
          ]
        ]
      ]
    ],
    "B_matrix": [
      [
        [
          [
            0.1638294905424118,
            0.09217547625303268,
            0.11570525169372559
          ],
          [
            0.05529056489467621,
            0.2887101173400879,
            0.1460961252450943
          ],
          [
            0.13287846744060516,
            0.10999740660190582,
            0.2937518060207367
          ]
        ],
        [
          [
            0.40717148780822754,
            0.5605873465538025,
            0.6977943778038025
          ],
          [
            0.7604120373725891,
            0.6557677388191223,
            0.01980610191822052
          ],
          [
            0.3952617049217224,
            0.30316731333732605,
            0.32517266273498535
          ]
        ],
        [
          [
            0.4289989769458771,
            0.34723716974258423,
            0.18650032579898834
          ],
          [
            0.18429739773273468,
            0.055522073060274124,
            0.8340977430343628
          ],
          [
            0.47185978293418884,
            0.5868352651596069,
            0.38107553124427795
          ]
        ]
      ],
      [
        [
          [
            [
              0.8647201657295227
            ],
            [
              0.25490278005599976
            ]
          ],
          [
            [
              0.17966125905513763
            ],
            [
              0.9854517579078674
            ]
          ],
          [
            [
              0.6526792049407959
            ],
            [
              0.10515425354242325
            ]
          ]
        ],
        [
          [
            [
              0.1352798193693161
            ],
            [
              0.7450971603393555
            ]
          ],
          [
            [
              0.820338785648346
            ],
            [
              0.014548192732036114
            ]
          ],
          [
            [
              0.3473207354545593
            ],
            [
              0.894845724105835
            ]
          ]
        ]
      ]
    ],
    "C_matrix": [
      [
        0.3333333432674408,
        0.3333333432674408,
        0.3333333432674408
      ],
      [
        0.20000000298023224,
        0.20000000298023224,
        0.20000000298023224,
        0.20000000298023224,
        0.20000000298023224
      ]
    ],
    "D_matrix": [
      [
        [
          0.3333333432674408,
          0.3333333432674408,
          0.3333333432674408
        ]
      ],
      [
        [
          0.5,
          0.5
        ]
      ]
    ],
    "diagnostics": {
      "beliefs": [
        [
          0.029035482555627823,
          0.17030763626098633,
          0.8006569147109985
        ],
        [
          0.6423947811126709,
          0.3576052784919739
        ]
      ],
      "q_pi": [
        0.32123810052871704,
        0.32602256536483765,
        0.3527393043041229
      ],
      "neg_efe": [
        0.8793038129806519,
        0.8940877318382263,
        0.972850501537323
      ]
    }
  }
}