{
  "current_beliefs": [
    0.9655172413793104,
    2.465173127674196e-27,
    0.03448275862068965
  ],
  "policy_probs": [
    0.4295369600240766,
    0.26068575509076763,
    0.30977728488515577
  ],
  "history_lengths": {
    "beliefs": 1000,
    "observations": 1000,
    "actions": 1000,
    "policy_probs": 1000
  }
}