{
  "mean_beliefs": [
    0.4078012128058415,
    0.15507863541997363,
    0.4371201517741836
  ],
  "action_frequencies": [
    374,
    261,
    365
  ],
  "final_state": 0,
  "total_timesteps": 1000,
  "homeostasis_metrics": {
    "time_in_homeo": 0.267,
    "transitions": 283,
    "control_efficiency": 0.261
  }
}