{
  "current_beliefs": [
    0.4999999999999998,
    8.943940355089753e-51,
    0.5000000000000003
  ],
  "policy_probs": [
    0.3681529453554098,
    0.26369410928918025,
    0.36815294535541
  ],
  "history_lengths": {
    "beliefs": 1000,
    "observations": 1000,
    "actions": 1000,
    "policy_probs": 1000
  }
}