{
  "status": "completed",
  "timestamp": "2024-11-07T17:54:27.716512",
  "summary": {
    "mean_beliefs": [
      0.9867222440560679,
      0.01255334100049297,
      0.0007244149434388834
    ],
    "action_frequencies": [
      440,
      258,
      302
    ],
    "final_state": 0,
    "total_timesteps": 1000,
    "homeostasis_metrics": {
      "time_in_homeo": 0.294,
      "transitions": 293,
      "control_efficiency": 0.258
    }
  }
}