{
  "ok": true,
  "id": "docxology/04_vanilla_policy_vs_si_stub",
  "marginals_shape": [
    4
  ],
  "diagnostics": {
    "q_pi": [
      0.6803560256958008,
      0.0677458643913269,
      0.0677458643913269,
      0.18415234982967377
    ],
    "neg_efe": [
      0.0,
      -2.3068528175354004,
      -2.3068528175354004,
      -1.3068528175354004
    ],
    "sampled_action": [
      0
    ]
  }
}