{
  "mean_beliefs": [
    0.7335733285837395,
    0.030459249976939128,
    0.23596742143932042
  ],
  "action_frequencies": [
    433,
    241,
    326
  ],
  "final_state": 2,
  "total_timesteps": 1000,
  "homeostasis_metrics": {
    "time_in_homeo": 0.282,
    "transitions": 313,
    "control_efficiency": 0.241
  }
}