{
  "current_beliefs": [
    0.9655172413793104,
    5.1156313111338246e-36,
    0.03448275862068967
  ],
  "policy_probs": [
    0.4295369600240766,
    0.2606857550907677,
    0.30977728488515577
  ],
  "history_lengths": {
    "beliefs": 1000,
    "observations": 1000,
    "actions": 1000,
    "policy_probs": 1000
  }
}