{
  "ok": true,
  "id": "inference_and_learning/inference_methods_comparison",
  "algos": {
    "fpi": [
      2
    ],
    "mmp": [
      2
    ]
  },
  "diagnostics": {
    "fpi": {
      "beliefs": [
        [
          0.029035482555627823,
          0.17030763626098633,
          0.8006569147109985
        ],
        [
          0.6423947811126709,
          0.3576052784919739
        ]
      ],
      "q_pi": [
        0.32123810052871704,
        0.32602256536483765,
        0.3527393043041229
      ],
      "neg_efe": [
        0.8793038129806519,
        0.8940877318382263,
        0.972850501537323
      ]
    },
    "mmp": {
      "beliefs": [
        [
          0.029035482555627823,
          0.17030763626098633,
          0.8006569147109985
        ],
        [
          0.6423947811126709,
          0.3576052784919739
        ]
      ],
      "q_pi": [
        0.32123810052871704,
        0.32602256536483765,
        0.3527393043041229
      ],
      "neg_efe": [
        0.8793038129806519,
        0.8940877318382263,
        0.972850501537323
      ]
    }
  }
}