{
  "current_beliefs": [
    1.0,
    1.4550052846049771e-157,
    1.299208180076355e-58
  ],
  "policy_probs": [
    0.4730327806934256,
    0.24236295098080807,
    0.28460426832576635
  ],
  "history_lengths": {
    "beliefs": 1000,
    "observations": 1000,
    "actions": 1000,
    "policy_probs": 1000
  }
}