{
  "current_beliefs": [
    0.9999999999999999,
    4.309678608247519e-143,
    1.205762173326163e-16
  ],
  "policy_probs": [
    0.4728085462662797,
    0.24246608095831607,
    0.2847253727754041
  ],
  "history_lengths": {
    "beliefs": 1000,
    "observations": 1000,
    "actions": 1000,
    "policy_probs": 1000
  }
}