{
  "current_beliefs": [
    0.7777777777777772,
    0.22222222222222288,
    1.196192632268018e-19
  ],
  "policy_probs": [
    0.393527513137488,
    0.29836391008103114,
    0.30810857678148085
  ],
  "history_lengths": {
    "beliefs": 1000,
    "observations": 1000,
    "actions": 1000,
    "policy_probs": 1000
  }
}