{
  "current_beliefs": [
    1.817328023280285e-33,
    1.0,
    3.5650272461295006e-55
  ],
  "policy_probs": [
    0.39997928643612735,
    0.2000414271277453,
    0.39997928643612735
  ],
  "history_lengths": {
    "beliefs": 1000,
    "observations": 1000,
    "actions": 1000,
    "policy_probs": 1000
  }
}