{
  "mean_beliefs": [
    0.04795941500168835,
    0.13201990573291,
    0.8200206792654036
  ],
  "action_frequencies": [
    321,
    253,
    426
  ],
  "final_state": 1,
  "total_timesteps": 1000,
  "homeostasis_metrics": {
    "time_in_homeo": 0.328,
    "transitions": 315,
    "control_efficiency": 0.253
  }
}