{
  "current_beliefs": [
    1.205762153308959e-16,
    1.6601288303135678e-08,
    0.9999999833987115
  ],
  "policy_probs": [
    0.3005821765795155,
    0.27697376931850204,
    0.4224440541019825
  ],
  "history_lengths": {
    "beliefs": 1000,
    "observations": 1000,
    "actions": 1000,
    "policy_probs": 1000
  }
}