{
  "current_beliefs": [
    0.9999999999258872,
    2.4135989563574715e-40,
    7.411289543530386e-11
  ],
  "policy_probs": [
    0.45686894017161844,
    0.2497970302607101,
    0.29333402956767135
  ],
  "history_lengths": {
    "beliefs": 1000,
    "observations": 1000,
    "actions": 1000,
    "policy_probs": 1000
  }
}