{
  "ok": true,
  "id": "docxology/01_minimal_discrete_timestep",
  "detail": {
    "qs_shapes": [
      [
        1,
        1,
        3
      ],
      [
        1,
        1,
        2
      ]
    ],
    "action": [
      0
    ],
    "A_matrix": [
      "[[0.13805327 0.30775854 0.6493807 ]\n [0.07851478 0.65617555 0.06346747]\n [0.78343195 0.03606591 0.28715184]]",
      "[[[0.0386706  0.17014298]\n  [0.07416688 0.07546265]\n  [0.39380106 0.5727247 ]]\n\n [[0.14433642 0.06892408]\n  [0.02850769 0.00416019]\n  [0.12840433 0.07933576]]\n\n [[0.12916999 0.6465492 ]\n  [0.65322524 0.27174613]\n  [0.00194678 0.3341004 ]]\n\n [[0.13591836 0.10932156]\n  [0.15007526 0.25604725]\n  [0.17381173 0.00726618]]\n\n [[0.5519047  0.00506221]\n  [0.09402497 0.39258376]\n  [0.30203605 0.00657298]]]"
    ],
    "B_matrix": [
      "[[[0.553262   0.05234662 0.74338734]\n  [0.37300336 0.16954881 0.2237656 ]\n  [0.22413048 0.00233012 0.3933436 ]]\n\n [[0.00895394 0.11926211 0.03984285]\n  [0.19029908 0.4991389  0.00296775]\n  [0.48914114 0.57519567 0.13999361]]\n\n [[0.43778414 0.82839125 0.21676981]\n  [0.43669754 0.3313124  0.7732667 ]\n  [0.28672847 0.42247424 0.46666273]]]",
      "[[[[0.31980485]\n   [0.70739913]]\n\n  [[0.17334343]\n   [0.7194724 ]]\n\n  [[0.6848195 ]\n   [0.2507606 ]]]\n\n\n [[[0.68019515]\n   [0.2926008 ]]\n\n  [[0.8266565 ]\n   [0.28052756]]\n\n  [[0.31518045]\n   [0.7492393 ]]]]"
    ],
    "C_matrix": [
      "[0.33333334 0.33333334 0.33333334]",
      "[0.2 0.2 0.2 0.2 0.2]"
    ],
    "D_matrix": [
      "[[0.33333334 0.33333334 0.33333334]]",
      "[[0.5 0.5]]"
    ],
    "diagnostics": {
      "beliefs": [
        [
          0.005266540218144655,
          0.9900918006896973,
          0.004641661420464516
        ],
        [
          0.2022075057029724,
          0.7977924942970276
        ]
      ],
      "q_pi": [
        0.35895493626594543,
        0.35427984595298767,
        0.2867651879787445
      ],
      "neg_efe": [
        1.191864013671875,
        1.1787543296813965,
        0.9673308730125427
      ]
    },
    "_invariants": {
      "passed": true,
      "violations": []
    }
  }
}