{
  "status": "completed",
  "timestamp": "2024-11-07T15:53:03.339493",
  "summary": {
    "mean_beliefs": [
      0.9016940711419729,
      0.010537662034123168,
      0.0877682668239039
    ],
    "action_frequencies": [
      439,
      241,
      320
    ],
    "final_state": 2,
    "total_timesteps": 1000,
    "homeostasis_metrics": {
      "time_in_homeo": 0.294,
      "transitions": 302,
      "control_efficiency": 0.241
    }
  }
}