{
  "ok": true,
  "id": "envs/knapsack_demo",
  "note": "gridworld_surrogate",
  "action_shape": [
    1,
    4,
    1
  ],
  "diagnostics": {
    "beliefs_per_timestep": [
      [
        1.0,
        4.930398290046586e-32,
        4.930398290046586e-32,
        4.930398290046586e-32,
        4.930398290046586e-32,
        4.930398290046586e-32,
        4.930398290046586e-32,
        4.930398290046586e-32,
        4.930398290046586e-32
      ],
      [
        1.0,
        4.930398290046586e-32,
        4.930398290046586e-32,
        4.930398290046586e-32,
        4.930398290046586e-32,
        4.930398290046586e-32,
        4.930398290046586e-32,
        4.930398290046586e-32,
        4.930398290046586e-32
      ],
      [
        1.0,
        4.930398290046586e-32,
        4.930398290046586e-32,
        4.930398290046586e-32,
        4.930398290046586e-32,
        4.930398290046586e-32,
        4.930398290046586e-32,
        4.930398290046586e-32,
        4.930398290046586e-32
      ],
      [
        1.0,
        4.930398290046586e-32,
        4.930398290046586e-32,
        4.930398290046586e-32,
        4.930398290046586e-32,
        4.930398290046586e-32,
        4.930398290046586e-32,
        4.930398290046586e-32,
        4.930398290046586e-32
      ]
    ],
    "actions_per_timestep": [
      0,
      0,
      0,
      0
    ],
    "observations_per_timestep": [
      0.0,
      0.0,
      0.0,
      0.0
    ],
    "q_pi_per_timestep": [
      [
        0.03999999910593033,
        0.03999999910593033,
        0.03999999910593033,
        0.03999999910593033,
        0.03999999910593033,
        0.03999999910593033,
        0.03999999910593033,
        0.03999999910593033,
        0.03999999910593033,
        0.03999999910593033,
        0.03999999910593033,
        0.03999999910593033,
        0.03999999910593033,
        0.03999999910593033,
        0.03999999910593033,
        0.03999999910593033,
        0.03999999910593033,
        0.03999999910593033,
        0.03999999910593033,
        0.03999999910593033,
        0.03999999910593033,
        0.03999999910593033,
        0.03999999910593033,
        0.03999999910593033,
        0.03999999910593033
      ],
      [
        0.03999999910593033,
        0.03999999910593033,
        0.03999999910593033,
        0.03999999910593033,
        0.03999999910593033,
        0.03999999910593033,
        0.03999999910593033,
        0.03999999910593033,
        0.03999999910593033,
        0.03999999910593033,
        0.03999999910593033,
        0.03999999910593033,
        0.03999999910593033,
        0.03999999910593033,
        0.03999999910593033,
        0.03999999910593033,
        0.03999999910593033,
        0.03999999910593033,
        0.03999999910593033,
        0.03999999910593033,
        0.03999999910593033,
        0.03999999910593033,
        0.03999999910593033,
        0.03999999910593033,
        0.03999999910593033
      ],
      [
        0.03999999910593033,
        0.03999999910593033,
        0.03999999910593033,
        0.03999999910593033,
        0.03999999910593033,
        0.03999999910593033,
        0.03999999910593033,
        0.03999999910593033,
        0.03999999910593033,
        0.03999999910593033,
        0.03999999910593033,
        0.03999999910593033,
        0.03999999910593033,
        0.03999999910593033,
        0.03999999910593033,
        0.03999999910593033,
        0.03999999910593033,
        0.03999999910593033,
        0.03999999910593033,
        0.03999999910593033,
        0.03999999910593033,
        0.03999999910593033,
        0.03999999910593033,
        0.03999999910593033,
        0.03999999910593033
      ],
      [
        0.03999999910593033,
        0.03999999910593033,
        0.03999999910593033,
        0.03999999910593033,
        0.03999999910593033,
        0.03999999910593033,
        0.03999999910593033,
        0.03999999910593033,
        0.03999999910593033,
        0.03999999910593033,
        0.03999999910593033,
        0.03999999910593033,
        0.03999999910593033,
        0.03999999910593033,
        0.03999999910593033,
        0.03999999910593033,
        0.03999999910593033,
        0.03999999910593033,
        0.03999999910593033,
        0.03999999910593033,
        0.03999999910593033,
        0.03999999910593033,
        0.03999999910593033,
        0.03999999910593033,
        0.03999999910593033
      ]
    ],
    "neg_efe_per_timestep": [
      [
        2.3102242878857425e-29,
        2.4879337558995523e-29,
        2.4879337558995523e-29,
        2.1325146694086558e-29,
        2.4879337558995523e-29,
        2.665643524839916e-29,
        2.4879337558995523e-29,
        2.8433529928537257e-29,
        2.8433529928537257e-29,
        2.8433529928537257e-29,
        2.8433529928537257e-29,
        2.8433529928537257e-29,
        2.4879337558995523e-29,
        2.665643524839916e-29,
        2.8433529928537257e-29,
        2.1325148198719327e-29,
        2.4879339063628292e-29,
        2.4879337558995523e-29,
        2.3102242878857425e-29,
        2.4879339063628292e-29,
        2.665643524839916e-29,
        2.8433529928537257e-29,
        2.8433529928537257e-29,
        2.665643524839916e-29,
        2.8433529928537257e-29
      ],
      [
        2.3102242878857425e-29,
        2.4879337558995523e-29,
        2.4879337558995523e-29,
        2.1325146694086558e-29,
        2.4879337558995523e-29,
        2.665643524839916e-29,
        2.4879337558995523e-29,
        2.8433529928537257e-29,
        2.8433529928537257e-29,
        2.8433529928537257e-29,
        2.8433529928537257e-29,
        2.8433529928537257e-29,
        2.4879337558995523e-29,
        2.665643524839916e-29,
        2.8433529928537257e-29,
        2.1325148198719327e-29,
        2.4879339063628292e-29,
        2.4879337558995523e-29,
        2.3102242878857425e-29,
        2.4879339063628292e-29,
        2.665643524839916e-29,
        2.8433529928537257e-29,
        2.8433529928537257e-29,
        2.665643524839916e-29,
        2.8433529928537257e-29
      ],
      [
        2.3102242878857425e-29,
        2.4879337558995523e-29,
        2.4879337558995523e-29,
        2.1325146694086558e-29,
        2.4879337558995523e-29,
        2.665643524839916e-29,
        2.4879337558995523e-29,
        2.8433529928537257e-29,
        2.8433529928537257e-29,
        2.8433529928537257e-29,
        2.8433529928537257e-29,
        2.8433529928537257e-29,
        2.4879337558995523e-29,
        2.665643524839916e-29,
        2.8433529928537257e-29,
        2.1325148198719327e-29,
        2.4879339063628292e-29,
        2.4879337558995523e-29,
        2.3102242878857425e-29,
        2.4879339063628292e-29,
        2.665643524839916e-29,
        2.8433529928537257e-29,
        2.8433529928537257e-29,
        2.665643524839916e-29,
        2.8433529928537257e-29
      ],
      [
        2.3102242878857425e-29,
        2.4879337558995523e-29,
        2.4879337558995523e-29,
        2.1325146694086558e-29,
        2.4879337558995523e-29,
        2.665643524839916e-29,
        2.4879337558995523e-29,
        2.8433529928537257e-29,
        2.8433529928537257e-29,
        2.8433529928537257e-29,
        2.8433529928537257e-29,
        2.8433529928537257e-29,
        2.4879337558995523e-29,
        2.665643524839916e-29,
        2.8433529928537257e-29,
        2.1325148198719327e-29,
        2.4879339063628292e-29,
        2.4879337558995523e-29,
        2.3102242878857425e-29,
        2.4879339063628292e-29,
        2.665643524839916e-29,
        2.8433529928537257e-29,
        2.8433529928537257e-29,
        2.665643524839916e-29,
        2.8433529928537257e-29
      ]
    ]
  }
}