{
  "current_beliefs": [
    9.45317543887623e-14,
    2.001720579671258e-24,
    0.9999999999999055
  ],
  "policy_probs": [
    0.2890345511735918,
    0.24613568577144485,
    0.46482976305496343
  ],
  "history_lengths": {
    "beliefs": 1000,
    "observations": 1000,
    "actions": 1000,
    "policy_probs": 1000
  }
}