{
  "ok": true,
  "id": "envs/tmaze_demo",
  "T": 3,
  "action_shape": [
    1,
    4,
    2
  ],
  "diagnostics": {
    "beliefs_per_timestep": [
      [
        1.0,
        0.0,
        0.0,
        0.0,
        4.930398290046586e-32
      ],
      [
        0.0,
        0.0,
        0.0,
        1.0,
        0.0
      ],
      [
        0.0,
        0.0,
        0.0,
        1.0,
        0.0
      ],
      [
        0.0,
        0.0,
        0.0,
        1.0,
        0.0
      ]
    ],
    "actions_per_timestep": [
      [
        3,
        0
      ],
      [
        1,
        0
      ],
      [
        1,
        0
      ],
      [
        1,
        0
      ]
    ],
    "observations_per_timestep": [
      0.0,
      3.0,
      3.0,
      3.0
    ],
    "q_pi_per_timestep": [
      [
        0.17730827629566193,
        0.17730827629566193,
        0.17730827629566193,
        0.2907668650150299,
        0.17730827629566193
      ],
      [
        0.1821669042110443,
        0.20445826649665833,
        0.20445826649665833,
        0.20445826649665833,
        0.20445826649665833
      ],
      [
        0.19884149730205536,
        0.20028960704803467,
        0.20028960704803467,
        0.20028960704803467,
        0.20028960704803467
      ],
      [
        0.19993823766708374,
        0.20001545548439026,
        0.20001545548439026,
        0.20001545548439026,
        0.20001545548439026
      ]
    ],
    "neg_efe_per_timestep": [
      [
        0.0,
        3.554191241067157e-30,
        3.554191241067157e-30,
        0.49463191628456116,
        0.0
      ],
      [
        0.0,
        0.11544060707092285,
        0.11544060707092285,
        0.11544060707092285,
        0.11544060707092285
      ],
      [
        0.0,
        0.007256403565406799,
        0.007256403565406799,
        0.007256403565406799,
        0.007256403565406799
      ],
      [
        0.0,
        0.00038614869117736816,
        0.00038614869117736816,
        0.00038614869117736816,
        0.00038614869117736816
      ]
    ]
  }
}