{
  "mean_beliefs": [
    0.2489093908485352,
    0.02514818737066925,
    0.7259424217807942
  ],
  "action_frequencies": [
    326,
    255,
    419
  ],
  "final_state": 2,
  "total_timesteps": 1000,
  "homeostasis_metrics": {
    "time_in_homeo": 0.298,
    "transitions": 305,
    "control_efficiency": 0.255
  }
}