{
  "current_beliefs": [
    0.999999997924839,
    9.118625070688588e-29,
    2.0751610680360165e-09
  ],
  "policy_probs": [
    0.45289651884163656,
    0.25162402759841657,
    0.295479453559947
  ],
  "history_lengths": {
    "beliefs": 1000,
    "observations": 1000,
    "actions": 1000,
    "policy_probs": 1000
  }
}