{
  "status": "completed",
  "timestamp": "2024-11-07T15:50:37.919388",
  "summary": {
    "mean_beliefs": [
      0.42204532944250694,
      0.10092875266290974,
      0.47702591789458343
    ],
    "action_frequencies": [
      400,
      227,
      373
    ],
    "final_state": 0,
    "total_timesteps": 1000,
    "homeostasis_metrics": {
      "time_in_homeo": 0.287,
      "transitions": 315,
      "control_efficiency": 0.227
    }
  }
}