{
  "current_beliefs": [
    0.9999999994070967,
    5.929031631748397e-10,
    5.288835848414372e-89
  ],
  "policy_probs": [
    0.4314729554370736,
    0.2706743563122516,
    0.29785268825067474
  ],
  "history_lengths": {
    "beliefs": 1000,
    "observations": 1000,
    "actions": 1000,
    "policy_probs": 1000
  }
}