{
  "current_beliefs": [
    0.03448275862068873,
    2.607772534862583e-14,
    0.9655172413792852
  ],
  "policy_probs": [
    0.3137318664578708,
    0.2706627828918003,
    0.41560535065032883
  ],
  "history_lengths": {
    "beliefs": 1000,
    "observations": 1000,
    "actions": 1000,
    "policy_probs": 1000
  }
}