{
  "ok": true,
  "id": "legacy/tmaze_demo",
  "diagnostics": {
    "actions_per_timestep": [
      3.0,
      1.0,
      1.0
    ],
    "beliefs_per_timestep": [
      [
        "[1.e+00 1.e-32 1.e-32 2.e-24]",
        "[0.5 0.5]"
      ],
      [
        "[5.e-33 5.e-49 5.e-49 1.e+00]",
        "[1.e+00 1.e-16]"
      ],
      [
        "[1.02040816e-48 1.00000000e+00 2.04081633e-34 2.04081633e-48]",
        "[1.00000000e+00 4.08163265e-18]"
      ]
    ],
    "q_pi_per_timestep": [
      [
        1.0770833245181392e-05,
        0.14705658629279503,
        0.14705658629284307,
        0.7058760565811167
      ],
      [
        9.720967517121994e-21,
        1.0,
        9.44975497649753e-41,
        9.720950013928306e-21
      ],
      [
        9.720967517121925e-21,
        1.0,
        9.449754976497395e-41,
        9.720950013928237e-21
      ]
    ],
    "efe_per_timestep": [
      [
        -5.130386855062171,
        -4.535278675247091,
        -4.535278675247071,
        -4.437239787037381
      ],
      [
        -5.130386855062171,
        -2.2503867425273145,
        -8.010386742527272,
        -5.130386967597326
      ],
      [
        -5.130386855062171,
        -2.250386742527314,
        -8.010386742527272,
        -5.130386967597326
      ]
    ],
    "vfe_per_timestep": []
  }
}