{
  "current_beliefs": [
    0.03448275862068964,
    1.0035263184038038e-57,
    0.9655172413793104
  ],
  "policy_probs": [
    0.3097772848851557,
    0.26068575509076763,
    0.4295369600240766
  ],
  "history_lengths": {
    "beliefs": 1000,
    "observations": 1000,
    "actions": 1000,
    "policy_probs": 1000
  }
}