{
  "current_beliefs": [
    2.646889122878588e-12,
    2.7510880001591715e-69,
    0.9999999999973531
  ],
  "policy_probs": [
    0.29118563874870146,
    0.2479675062691718,
    0.4608468549821267
  ],
  "history_lengths": {
    "beliefs": 1000,
    "observations": 1000,
    "actions": 1000,
    "policy_probs": 1000
  }
}