{
  "current_beliefs": [
    0.9999999979248388,
    1.598506199552226e-76,
    2.0751610680360153e-09
  ],
  "policy_probs": [
    0.45289651884163645,
    0.25162402759841657,
    0.295479453559947
  ],
  "history_lengths": {
    "beliefs": 1000,
    "observations": 1000,
    "actions": 1000,
    "policy_probs": 1000
  }
}