{
  "ok": true,
  "id": "model_fitting/fitting_with_pybefit",
  "note": "pybefit_real_rollout",
  "T": 10,
  "action_shape": [
    1,
    11,
    2
  ],
  "diagnostics": {
    "beliefs_per_timestep": [
      [
        1.0,
        0.0,
        0.0,
        0.0,
        4.930398290046586e-32
      ],
      [
        0.0,
        0.0,
        0.0,
        1.0,
        0.0
      ],
      [
        0.0,
        0.0,
        0.0,
        1.0,
        0.0
      ],
      [
        0.0,
        0.0,
        0.0,
        1.0,
        0.0
      ],
      [
        0.0,
        0.0,
        0.0,
        1.0,
        0.0
      ],
      [
        0.0,
        0.0,
        0.0,
        1.0,
        0.0
      ],
      [
        0.0,
        0.0,
        0.0,
        1.0,
        0.0
      ],
      [
        0.0,
        0.0,
        0.0,
        1.0,
        0.0
      ],
      [
        0.0,
        0.0,
        0.0,
        1.0,
        0.0
      ],
      [
        1.0,
        0.0,
        0.0,
        0.0,
        4.930398290046586e-32
      ],
      [
        4.930398290046586e-32,
        0.0,
        0.0,
        0.0,
        1.0
      ]
    ],
    "actions_per_timestep": [
      [
        3,
        0
      ],
      [
        1,
        0
      ],
      [
        1,
        0
      ],
      [
        1,
        0
      ],
      [
        1,
        0
      ],
      [
        1,
        0
      ],
      [
        1,
        0
      ],
      [
        1,
        0
      ],
      [
        0,
        0
      ],
      [
        4,
        0
      ],
      [
        1,
        0
      ]
    ],
    "observations_per_timestep": [
      0.0,
      3.0,
      3.0,
      3.0,
      3.0,
      3.0,
      3.0,
      3.0,
      3.0,
      0.0,
      4.0
    ],
    "q_pi_per_timestep": [
      [
        0.02753562107682228,
        0.02753562107682228,
        0.02753562107682228,
        0.045155514031648636,
        0.02753562107682228,
        0.02753562107682228,
        0.02753562107682228,
        0.02753562107682228,
        0.045155514031648636,
        0.02753562107682228,
        0.02753562107682228,
        0.02753562107682228,
        0.02753562107682228,
        0.045155514031648636,
        0.02753562107682228,
        0.045155514031648636,
        0.07405027002096176,
        0.07405027002096176,
        0.07405027002096176,
        0.07405027002096176,
        0.02753562107682228,
        0.05507124215364456,
        0.05507124215364456,
        0.02753562107682228,
        0.02753562107682228
      ],
      [
        0.033594030886888504,
        0.033594030886888504,
        0.033594030886888504,
        0.03770486265420914,
        0.033594030886888504,
        0.03770486265420914,
        0.04231872409582138,
        0.04231872409582138,
        0.04231872409582138,
        0.04231872409582138,
        0.03770486265420914,
        0.04231872409582138,
        0.04231872409582138,
        0.04231872409582138,
        0.04231872409582138,
        0.03770486265420914,
        0.04231872409582138,
        0.04231872409582138,
        0.04231872409582138,
        0.04231872409582138,
        0.03770486265420914,
        0.04231872409582138,
        0.04231872409582138,
        0.04231872409582138,
        0.04231872409582138
      ],
      [
        0.018106909468770027,
        0.018106909468770027,
        0.018106909468770027,
        0.029693422839045525,
        0.018106909468770027,
        0.029693422839045525,
        0.048694077879190445,
        0.048694077879190445,
        0.048694077879190445,
        0.048694077879190445,
        0.029693422839045525,
        0.048694077879190445,
        0.048694077879190445,
        0.048694077879190445,
        0.048694077879190445,
        0.029693422839045525,
        0.048694077879190445,
        0.048694077879190445,
        0.048694077879190445,
        0.048694077879190445,
        0.029693422839045525,
        0.048694077879190445,
        0.048694077879190445,
        0.048694077879190445,
        0.048694077879190445
      ],
      [
        0.033594030886888504,
        0.033594030886888504,
        0.033594030886888504,
        0.03770486265420914,
        0.033594030886888504,
        0.03770486265420914,
        0.04231872409582138,
        0.04231872409582138,
        0.04231872409582138,
        0.04231872409582138,
        0.03770486265420914,
        0.04231872409582138,
        0.04231872409582138,
        0.04231872409582138,
        0.04231872409582138,
        0.03770486265420914,
        0.04231872409582138,
        0.04231872409582138,
        0.04231872409582138,
        0.04231872409582138,
        0.03770486265420914,
        0.04231872409582138,
        0.04231872409582138,
        0.04231872409582138,
        0.04231872409582138
      ],
      [
        0.03957212716341019,
        0.03957212716341019,
        0.03957212716341019,
        0.039860326796770096,
        0.03957212716341019,
        0.039860326796770096,
        0.04015061631798744,
        0.04015061631798744,
        0.04015061631798744,
        0.04015061631798744,
        0.039860326796770096,
        0.04015061631798744,
        0.04015061631798744,
        0.04015061631798744,
        0.04015061631798744,
        0.039860326796770096,
        0.04015061631798744,
        0.04015061631798744,
        0.04015061631798744,
        0.04015061631798744,
        0.039860326796770096,
        0.04015061631798744,
        0.04015061631798744,
        0.04015061631798744,
        0.04015061631798744
      ],
      [
        0.039977144449949265,
        0.039977144449949265,
        0.039977144449949265,
        0.03999258577823639,
        0.039977144449949265,
        0.03999258577823639,
        0.040008027106523514,
        0.040008027106523514,
        0.040008027106523514,
        0.040008027106523514,
        0.03999258577823639,
        0.040008027106523514,
        0.040008027106523514,
        0.040008027106523514,
        0.040008027106523514,
        0.03999258577823639,
        0.040008027106523514,
        0.040008027106523514,
        0.040008027106523514,
        0.040008027106523514,
        0.03999258577823639,
        0.040008027106523514,
        0.040008027106523514,
        0.040008027106523514,
        0.040008027106523514
      ],
      [
        0.039998795837163925,
        0.039998795837163925,
        0.039998795837163925,
        0.03999960795044899,
        0.039998795837163925,
        0.03999960795044899,
        0.04000042751431465,
        0.04000042751431465,
        0.04000042751431465,
        0.04000042751431465,
        0.03999960795044899,
        0.04000042751431465,
        0.04000042751431465,
        0.04000042751431465,
        0.04000042751431465,
        0.03999960795044899,
        0.04000042751431465,
        0.04000042751431465,
        0.04000042751431465,
        0.04000042751431465,
        0.03999960795044899,
        0.04000042751431465,
        0.04000042751431465,
        0.04000042751431465,
        0.04000042751431465
      ],
      [
        0.039999935775995255,
        0.039999935775995255,
        0.039999935775995255,
        0.03999997302889824,
        0.039999935775995255,
        0.03999997302889824,
        0.04000002145767212,
        0.04000002145767212,
        0.04000002145767212,
        0.04000002145767212,
        0.03999997302889824,
        0.04000002145767212,
        0.04000002145767212,
        0.04000002145767212,
        0.04000002145767212,
        0.03999997302889824,
        0.04000002145767212,
        0.04000002145767212,
        0.04000002145767212,
        0.04000002145767212,
        0.03999997302889824,
        0.04000002145767212,
        0.04000002145767212,
        0.04000002145767212,
        0.04000002145767212
      ],
      [
        0.03999999910593033,
        0.03999999910593033,
        0.03999999910593033,
        0.03999999910593033,
        0.03999999910593033,
        0.03999999910593033,
