{
  "current_beliefs": [
    1.0,
    6.03918837796542e-65,
    5.192365780800841e-34
  ],
  "policy_probs": [
    0.4730327806934256,
    0.24236295098080807,
    0.28460426832576635
  ],
  "history_lengths": {
    "beliefs": 1000,
    "observations": 1000,
    "actions": 1000,
    "policy_probs": 1000
  }
}