{
  "current_beliefs": [
    1.6269236338315508e-06,
    9.288026858123285e-84,
    0.9999983730763662
  ],
  "policy_probs": [
    0.299760397206415,
    0.25526944551650305,
    0.444970157277082
  ],
  "history_lengths": {
    "beliefs": 1000,
    "observations": 1000,
    "actions": 1000,
    "policy_probs": 1000
  }
}