{
  "mean_beliefs": [
    0.4401389287106081,
    0.0321090402075677,
    0.5277520310818231
  ],
  "action_frequencies": [
    361,
    259,
    380
  ],
  "final_state": 1,
  "total_timesteps": 1000,
  "homeostasis_metrics": {
    "time_in_homeo": 0.28,
    "transitions": 313,
    "control_efficiency": 0.259
  }
}