{
  "status": "completed",
  "timestamp": "2024-11-07T15:52:10.837596",
  "summary": {
    "mean_beliefs": [
      0.926748797314935,
      0.07312580868813394,
      0.00012539399693188737
    ],
    "action_frequencies": [
      462,
      227,
      311
    ],
    "final_state": 1,
    "total_timesteps": 1000,
    "homeostasis_metrics": {
      "time_in_homeo": 0.317,
      "transitions": 286,
      "control_efficiency": 0.227
    }
  }
}