{
  "current_beliefs": [
    0.0012738853503184687,
    3.2525032166766056e-30,
    0.9987261146496815
  ],
  "policy_probs": [
    0.30413416059683107,
    0.25888064452447557,
    0.4369851948786934
  ],
  "history_lengths": {
    "beliefs": 1000,
    "observations": 1000,
    "actions": 1000,
    "policy_probs": 1000
  }
}