{
  "current_beliefs": [
    1.0,
    6.151391746272995e-120,
    5.092518496117431e-157
  ],
  "policy_probs": [
    0.4730327806934256,
    0.24236295098080807,
    0.28460426832576635
  ],
  "history_lengths": {
    "beliefs": 1000,
    "observations": 1000,
    "actions": 1000,
    "policy_probs": 1000
  }
}