{
  "pymdp_validation": {
    "inference_validation_passed": true,
    "agent_integration_successful": false,
    "educational_vfe_verified": true,
    "methods_validated": [
      "update_posterior_states",
      "Agent.infer_states",
      "vfe_decomposition"
    ]
  },
  "vfe_medical_example": {
    "A_matrix": [
      [
        0.9,
        0.05
      ],
      [
        0.1,
        0.95
      ]
    ],
    "prior_D": [
      0.1,
      0.9
    ],
    "posteriors": [
      0.6666666666666665,
      0.011560693641618523
    ],
    "vfe_results": [
      {
        "observation": "Positive Test",
        "posterior": [
          0.6666666666666665,
          0.33333333333333354
        ],
        "vfe": 2.002480500543706,
        "complexity": 0.9336627322538255,
        "accuracy": -1.0688177682898803,
        "info_gain": 0.9336627322538255
      },
      {
        "observation": "Negative Test",
        "posterior": [
          0.011560693641618523,
          0.9884393063583814
        ],
        "vfe": 0.1450257720502575,
        "complexity": 0.06770598288112914,
        "accuracy": -0.07731978916912835,
        "info_gain": 0.06770598288112914
      }
    ]
  },
  "sequential_vfe_updating": {
    "belief_evolution": [
      [
        0.7,
        0.3
      ],
      [
        0.2258064516129033,
        0.7741935483870968
      ],
      [
        0.03517587939698497,
        0.9648241206030149
      ],
      [
        0.1409395973154367,
        0.8590604026845633
      ],
      [
        0.020095693779904406,
        0.9799043062200957
      ],
      [
        0.08448815377738118,
        0.9155118462226188
      ]
    ],
    "observations": [
      1,
      1,
      0,
      1,
      0
    ],
    "vfe_history": [
      1.1711829815029444,
      0.4432674727546991,
      1.4933313231049676,
      0.35475923454059377,
      1.5414662959028256
    ]
  },
  "model_validation": {
    "model_valid": true,
    "used_pymdp_methods": [
      "run_vanilla_fpi",
      "kl_divergence",
      "obj_array_zeros"
    ]
  },
  "key_vfe_insights": {
    "vfe_formula": "VFE = Complexity - Accuracy",
    "complexity": "KL divergence from prior",
    "accuracy": "Expected log likelihood",
    "minimizing_vfe": "Optimal Bayesian inference"
  }
}