{
  "ok": true,
  "id": "legacy/agent_demo",
  "final_state": [
    0,
    2
  ],
  "diagnostics": {
    "actions_per_timestep": [
      [
        0.0,
        2.0
      ],
      [
        0.0,
        2.0
      ],
      [
        0.0,
        2.0
      ],
      [
        0.0,
        2.0
      ],
      [
        0.0,
        2.0
      ],
      [
        0.0,
        2.0
      ],
      [
        0.0,
        2.0
      ],
      [
        0.0,
        2.0
      ],
      [
        0.0,
        2.0
      ],
      [
        0.0,
        2.0
      ],
      [
        0.0,
        2.0
      ],
      [
        0.0,
        2.0
      ],
      [
        0.0,
        2.0
      ],
      [
        0.0,
        2.0
      ],
      [
        0.0,
        2.0
      ]
    ],
    "states_per_timestep": [
      [
        0,
        2
      ],
      [
        0,
        2
      ],
      [
        0,
        2
      ],
      [
        0,
        2
      ],
      [
        0,
        2
      ],
      [
        0,
        2
      ],
      [
        0,
        2
      ],
      [
        0,
        2
      ],
      [
        0,
        2
      ],
      [
        0,
        2
      ],
      [
        0,
        2
      ],
      [
        0,
        2
      ],
      [
        0,
        2
      ],
      [
        0,
        2
      ],
      [
        0,
        2
      ]
    ],
    "beliefs_per_timestep": [
      [
        [
          0.3013723492865015,
          0.6986276507134986
        ],
        [
          0.38970107139040105,
          3.897010713903984e-33,
          0.6102989286095989
        ]
      ],
      [
        [
          0.14816333861883357,
          0.8518366613811663
        ],
        [
          0.33926422225760616,
          3.392642222576014e-33,
          0.6607357777423939
        ]
      ],
      [
        [
          0.06315741264557265,
          0.9368425873544274
        ],
        [
          0.3127888985166728,
          3.127888985166751e-33,
          0.6872111014833272
        ]
      ],
      [
        [
          0.02511132059073367,
          0.9748886794092663
        ],
        [
          0.30302382953765955,
          3.030238295376596e-33,
          0.6969761704623404
        ]
      ],
      [
        [
          0.009649379460066033,
          0.990350620539934
        ],
        [
          0.2975681338841449,
          2.9756813388414705e-33,
          0.7024318661158552
        ]
      ],
      [
        [
          0.003657585081590293,
          0.9963424149184097
        ],
        [
          0.29542985972579927,
          2.954298597257951e-33,
          0.7045701402742007
        ]
      ],
      [
        [
          0.0013791229988933437,
          0.9986208770011067
        ],
        [
          0.2946130557270403,
          2.9461305572703822e-33,
          0.7053869442729597
        ]
      ],
      [
        [
          0.000518972147066209,
          0.9994810278529338
        ],
        [
          0.294304162020269,
          2.943041620202649e-33,
          0.7056958379797309
        ]
      ],
      [
        [
          0.00019514520311324408,
          0.9998048547968867
        ],
        [
          0.2941877936147363,
          2.941877936147342e-33,
          0.7058122063852638
        ]
      ],
      [
        [
          7.33581819866798e-05,
          0.9999266418180133
        ],
        [
          0.29414401806544205,
          2.9414401806543795e-33,
          0.705855981934558
        ]
      ],
      [
        [
          2.757356561682941e-05,
          0.9999724264343832
        ],
        [
          0.2941275595368339,
          2.9412755953683392e-33,
          0.7058724404631661
        ]
      ],
      [
        [
          1.036382069237486e-05,
          0.9999896361793077
        ],
        [
          0.29412137280610207,
          2.9412137280610003e-33,
          0.7058786271938978
        ]
      ],
      [
        [
          3.895294591005862e-06,
          0.9999961047054091
        ],
        [
          0.2941190474049261,
          2.9411904740492408e-33,
          0.7058809525950739
        ]
      ],
      [
        [
          1.464057944654078e-06,
          0.9999985359420555
        ],
        [
          0.29411817338374885,
          2.9411817338374886e-33,
          0.7058818266162512
        ]
      ],
      [
        [
          5.502693192671499e-07,
          0.9999994497306807
        ],
        [
          0.2941178448792783,
          2.9411784487927836e-33,
          0.7058821551207218
        ]
      ]
    ],
    "q_pi_per_timestep": [
      [
        0.06647494282483846,
        0.015855755186844137,
        0.9176693019883174
      ],
      [
        0.1659116990739779,
        0.0022754536248894217,
        0.8318128473011327
      ],
      [
        0.31584657131059257,
        0.0007621596361858897,
        0.6833912690532216
      ],
      [
        0.41974556268202406,
        0.000448142118434387,
        0.5798062951995415
      ],
      [
        0.46818739662544734,
        0.0003563751028916319,
        0.531456228271661
      ],
      [
        0.4877349788595816,
        0.0003252746263389593,
        0.5119397465140795
      ],
      [
        0.49526505266293036,
        0.00031404940400929184,
        0.5044208979330603
      ],
      [
        0.49812057991293024,
        0.00030989515926945513,
        0.5015695249278003
      ],
      [
        0.49919738154054216,
        0.0003083428896020675,
        0.5004942755698558
      ],
      [
        0.4996025984869829,
        0.0003077607512832728,
        0.5000896407617338
      ],
      [
        0.49975497038143063,
        0.00030754213501454973,
        0.4999374874835548
      ],
      [
        0.49981224955564385,
        0.00030745999334383346,
        0.49988029045101234
      ],
      [
        0.49983377943304236,
        0.00030742912387878534,
        0.4998587914430789
      ],
      [
        0.49984187167166655,
        0.00030741752205014323,
        0.49985071080628335
      ],
      [
        0.49984491318103713,
        0.00030741316155576115,
        0.4998476736574072
      ]
    ],
    "efe_per_timestep": [
      [
        -3.604829979104795,
        -3.6944107628135656,
        -3.4407667284044585
      ],
      [
        -3.604829979104794,
        -3.8729097469459504,
        -3.504070494177952
      ],
      [
        -3.604829979104795,
        -3.981508467278532,
        -3.556591791479748
      ],
      [
        -3.604829979104794,
        -4.032473328654285,
        -3.5846396447673947
      ],
      [
        -3.604829979104795,
        -4.053619984038718,
        -3.596907966392692
      ],
      [
        -3.604829979104795,
        -4.06188358107817,
        -3.6018028070236583
      ],
      [
        -3.604829979104795,
        -4.065036107043997,
        -3.6036851068974727
      ],
      [
        -3.604829979104794,
        -4.066227692271331,
        -3.604398725624082
      ],
      [
        -3.604829979104795,
        -4.066676504670054,
        -3.6046678172587354
      ],
      [
        -3.604829979104794,
        -4.0668453265285605,
        -3.604769080073302
      ],
      [
        -3.6048299791047955,
        -4.0669087975892815,
        -3.6048071574481555
      ],
      [
        -3.604829979104795,
        -4.066932655989916,
        -3.604821471377075
      ],
      [
        -3.604829979104796,
        -4.066941623590507,
        -3.6048268516420676
      ],
      [
        -3.604829979104795,
        -4.066944994131934,
        -3.6048288738732004
      ],
      [
        -3.604829979104794,
        -4.066946260963139,
        -3.6048296339391395
      ]
    ]
  }
}