{
  "ok": true,
  "id": "legacy/tmaze_learning_demo",
  "steps": 30,
  "diagnostics": {
    "actions_per_timestep": [
      3.0,
      1.0,
      1.0,
      2.0,
      2.0,
      2.0,
      2.0,
      2.0,
      2.0,
      2.0,
      2.0,
      2.0,
      2.0,
      2.0,
      2.0,
      2.0,
      2.0,
      2.0,
      2.0,
      2.0,
      2.0,
      2.0,
      2.0,
      2.0,
      2.0,
      2.0,
      2.0,
      2.0,
      2.0,
      2.0
    ],
    "beliefs_per_timestep": [
      [
        [
          1.0,
          9.999999999999896e-49,
          9.999999999999896e-49,
          9.999999999999896e-49
        ],
        [
          0.5,
          0.5
        ]
      ],
      [
        [
          9.999999999999754e-49,
          9.999999999999861e-65,
          9.999999999999861e-65,
          1.0
        ],
        [
          9.999999999999965e-17,
          1.0
        ]
      ],
      [
        [
          1.999999999999983e-48,
          1.0,
          9.999999999999931e-33,
          1.999999999999976e-64
        ],
        [
          1.9999999999999963e-16,
          0.9999999999999998
        ]
      ],
      [
        [
          1.799999999999968e-48,
          1.0,
          8.99999999999998e-33,
          1.799999999999987e-64
        ],
        [
          2.699999999999997e-16,
          0.9999999999999998
        ]
      ],
      [
        [
          1.999999999999983e-48,
          7.999999999999953e-33,
          1.0,
          1.999999999999976e-64
        ],
        [
          3.6999999999999995e-16,
          0.9999999999999996
        ]
      ],
      [
        [
          1.799999999999968e-48,
          7.19999999999989e-33,
          1.0,
          1.799999999999987e-64
        ],
        [
          4.230000000000002e-16,
          0.9999999999999996
        ]
      ],
      [
        [
          1.6666666666666342e-48,
          6.666666666666554e-33,
          1.0,
          1.6666666666666285e-64
        ],
        [
          4.358333333333318e-16,
          0.9999999999999996
        ]
      ],
      [
        [
          1.5714285714285328e-48,
          6.285714285714146e-33,
          1.0,
          1.571428571428572e-64
        ],
        [
          4.2101190476190113e-16,
          0.9999999999999996
        ]
      ],
      [
        [
          1.4999999999999568e-48,
          5.999999999999842e-33,
          1.0,
          1.4999999999999729e-64
        ],
        [
          3.907589285714268e-16,
          0.9999999999999996
        ]
      ],
      [
        [
          1.4444444444444253e-48,
          5.7777777777777155e-33,
          1.0,
          1.4444444444444203e-64
        ],
        [
          3.5443700396825153e-16,
          0.9999999999999996
        ]
      ],
      [
        [
          3.4999999999998893e-48,
          2.0999999999999597e-32,
          1.0,
          3.499999999999977e-64
        ],
        [
          7.952647569444377e-16,
          0.9999999999999991
        ]
      ],
      [
        [
          1.499999999999978e-48,
          5.999999999999927e-33,
          1.0,
          1.4999999999999729e-64
        ],
        [
          6.714485677083299e-16,
          0.9999999999999993
        ]
      ],
      [
        [
          3.200000000000027e-48,
          1.920000000000013e-32,
          1.0,
          3.199999999999925e-64
        ],
        [
          1.234317708333322e-15,
          0.9999999999999987
        ]
      ],
      [
        [
          1.5454545454545196e-48,
          6.181818181818094e-33,
          1.0,
          1.5454545454545364e-64
        ],
        [
          1.0310636837121074e-15,
          0.9999999999999989
        ]
      ],
      [
        [
          1.499999999999978e-48,
          5.999999999999927e-33,
          1.0,
          1.4999999999999729e-64
        ],
        [
          8.482977627840829e-16,
          0.9999999999999991
        ]
      ],
      [
        [
          1.4615384615384493e-48,
          5.846153846153812e-33,
          1.0,
          1.4615384615384235e-64
        ],
        [
          6.929868266499045e-16,
          0.9999999999999993
        ]
      ],
      [
        [
          1.4285714285713873e-48,
          5.7142857142855634e-33,
          1.0,
          1.4285714285714227e-64
        ],
        [
          5.664191618927904e-16,
          0.9999999999999993
        ]
      ],
      [
        [
          3.4999999999998893e-48,
          2.0999999999999597e-32,
          1.0,
          3.499999999999977e-64
        ],
        [
          1.1662335333123814e-15,
          0.9999999999999989
        ]
      ],
      [
        [
          1.4666666666666665e-48,
          5.866666666666682e-33,
          1.0,
          1.4666666666666616e-64
        ],
        [
          9.285712577624154e-16,
          0.9999999999999991
        ]
      ],
      [
        [
          1.437500000000005e-48,
          5.7500000000000344e-33,
          1.0,
          1.4374999999999794e-64
        ],
        [
          7.392855915167359e-16,
          0.9999999999999993
        ]
      ],
      [
        [
          1.411764705882359e-48,
          5.64705882352945e-33,
          1.0,
          1.411764705882334e-64
        ],
        [
          5.924368881294591e-16,
          0.9999999999999993
        ]
      ],
      [
        [
          1.3888888888888665e-48,
          5.55555555555548e-33,
          1.0,
          1.3888888888888813e-64
        ],
        [
          4.808589500899024e-16,
          0.9999999999999996
        ]
      ],
      [
        [
          1.3684210526315644e-48,
          5.473684210526272e-33,
          1.0,
          1.3684210526315791e-64
        ],
        [
          3.9742980795624763e-16,
          0.9999999999999996
        ]
      ],
      [
        [
          1.3499999999999868e-48,
          5.399999999999961e-33,
          1.0,
          1.349999999999982e-64
        ],
        [
          3.35765120370467e-16,
          0.9999999999999996
        ]
      ],
      [
        [
          1.3333333333333276e-48,
          5.333333333333324e-33,
          1.0,
          1.333333333333323e-64
        ],
        [
          2.9051008024697667e-16,
          0.9999999999999998
        ]
      ],
      [
        [
          1.3181818181818095e-48,
          5.272727272727252e-33,
          1.0,
          1.3181818181817862e-64
        ],
        [
          2.5738164379914175e-16,
          0.9999999999999998
        ]
      ],
      [
        [
          1.3043478260869367e-48,
          5.2173913043477604e-33,
          1.0,
          1.3043478260869508e-64
        ],
        [
          2.33074985086397e-16,
          0.9999999999999998
        ]
      ],
      [
        [
          1.291666666666634e-48,
          5.16666666666655e-33,
          1.0,
          1.2916666666666663e-64
        ],
        [
          2.1511092786829679e-16,
          0.9999999999999998
        ]
      ],
      [
        [
          1.2799999999999733e-48,
          5.119999999999906e-33,
          1.0,
          1.279999999999987e-64
        ],
        [
          2.016709938357092e-16,
          0.9999999999999998
        ]
      ],
      [
        [
          1.2692307692307536e-48,
          5.076923076923027e-33,
          1.0,
          1.2692307692307492e-64
        ],
        [
          1.9144505378035301e-16,
          0.9999999999999998
        ]
      ]
    ],