{
  "ok": true,
  "id": "legacy/tmaze_learning_demo",
  "steps": 30,
  "diagnostics": {
    "actions_per_timestep": [
      3.0,
      1.0,
      2.0,
      1.0,
      2.0,
      1.0,
      1.0,
      1.0,
      1.0,
      1.0,
      1.0,
      1.0,
      1.0,
      1.0,
      1.0,
      1.0,
      1.0,
      1.0,
      1.0,
      1.0,
      1.0,
      1.0,
      1.0,
      1.0,
      1.0,
      1.0,
      1.0,
      1.0,
      1.0,
      1.0
    ],
    "beliefs_per_timestep": [
      [
        [
          1.0,
          9.999999999999896e-49,
          9.999999999999896e-49,
          9.999999999999896e-49
        ],
        [
          0.5,
          0.5
        ]
      ],
      [
        [
          9.999999999999754e-49,
          9.999999999999861e-65,
          9.999999999999861e-65,
          1.0
        ],
        [
          1.0,
          9.999999999999965e-17
        ]
      ],
      [
        [
          1.999999999999983e-48,
          1.0,
          9.999999999999931e-33,
          1.999999999999976e-64
        ],
        [
          0.9999999999999998,
          1.9999999999999963e-16
        ]
      ],
      [
        [
          1.9999999999999544e-48,
          1.111111111111098e-32,
          1.0,
          1.999999999999976e-64
        ],
        [
          0.9999999999999998,
          3.0000000000000034e-16
        ]
      ],
      [
        [
          1.7999999999999934e-48,
          1.0,
          9.999999999999931e-33,
          1.799999999999987e-64
        ],
        [
          0.9999999999999996,
          3.5999999999999914e-16
        ]
      ],
      [
        [
          2.2499999999999577e-48,
          8.999999999999853e-33,
          1.0,
          2.2499999999999498e-64
        ],
        [
          0.9999999999999996,
          5.174999999999985e-16
        ]
      ],
      [
        [
          1.666666666666658e-48,
          1.0,
          8.333333333333303e-33,
          1.6666666666666285e-64
        ],
        [
          0.9999999999999996,
          5.145833333333294e-16
        ]
      ],
      [
        [
          1.571428571428555e-48,
          1.0,
          7.857142857142787e-33,
          1.571428571428527e-64
        ],
        [
          0.9999999999999996,
          4.828869047619006e-16
        ]
      ],
      [
        [
          1.4999999999999568e-48,
          1.0,
          7.499999999999903e-33,
          1.4999999999999729e-64
        ],
        [
          0.9999999999999996,
          4.3716517857142535e-16
        ]
      ],
      [
        [
          1.4444444444444047e-48,
          1.0,
          7.222222222222137e-33,
          1.4444444444444203e-64
        ],
        [
          0.9999999999999996,
          3.879526289682504e-16
        ]
      ],
      [
        [
          1.3999999999999943e-48,
          1.0,
          6.999999999999982e-33,
          1.3999999999999693e-64
        ],
        [
          0.9999999999999996,
          3.41566840277775e-16
        ]
      ],
      [
        [
          3.749999999999895e-48,
          1.0,
          1.8749999999999774e-32,
          3.749999999999989e-64
        ],
        [
          0.9999999999999991,
          8.279378255208219e-16
        ]
      ],
      [
        [
          1.4545454545454578e-48,
          1.0,
          7.272727272727198e-33,
          1.4545454545454527e-64
        ],
        [
          0.9999999999999993,
          6.748638731060514e-16
        ]
      ],
      [
        [
          1.4166666666666336e-48,
          1.0,
          7.08333333333328e-33,
          1.416666666666649e-64
        ],
        [
          0.9999999999999996,
          5.488619101167841e-16
        ]
      ],
      [
        [
          1.3846153846153768e-48,
          1.0,
          6.923076923076894e-33,
          1.3846153846153719e-64
        ],
        [
          0.9999999999999996,
          4.492120916193086e-16
        ]
      ],
      [
        [
          1.3571428571428207e-48,
          1.0,
          6.785714285714211e-33,
          1.3571428571428353e-64
        ],
        [
          0.9999999999999996,
          3.726796335988136e-16
        ]
      ],
      [
        [
          1.3333333333333276e-48,
          1.0,
          6.666666666666649e-33,
          1.333333333333323e-64
        ],
        [
          0.9999999999999998,
          3.151197557325412e-16
        ]
      ],
      [
        [
          1.3124999999999853e-48,
          1.0,
          6.562499999999937e-33,
          1.3124999999999807e-64
        ],
        [
          0.9999999999999998,
          2.7242233969947946e-16
        ]
      ],
      [
        [
          1.2941176470588022e-48,
          1.0,
          6.470588235294021e-33,
          1.2941176470587977e-64
        ],
        [
          0.9999999999999998,
          2.409791609820159e-16
        ]
      ],
      [
        [
          1.2777777777777408e-48,
          1.0,
          6.388888888888805e-33,
          1.2777777777777727e-64
        ],
        [
          0.9999999999999998,
          2.178477972940662e-16
        ]
      ],
      [
        [
          1.2631578947368221e-48,
          1.0,
          6.315789473684121e-33,
          1.2631578947368177e-64
        ],
        [
          0.9999999999999998,
          2.007459772383579e-16
        ]
      ],
      [
        [
          1.2499999999999858e-48,
          1.0,
          6.249999999999939e-33,
          1.2499999999999992e-64
        ],
        [
          0.9999999999999998,
          1.8796623577397262e-16
        ]
      ],
      [
        [
          1.2380952380952275e-48,
          1.0,
          6.190476190476147e-33,
          1.2380952380952056e-64
        ],
        [
          0.9999999999999998,
          1.782648126219836e-16
        ]
      ],
      [
        [
          1.2272727272727099e-48,
          1.0,
          6.13636363636356e-33,
          1.2272727272727056e-64
        ],
        [
          0.9999999999999998,
          1.7075340774530802e-16
        ]
      ],
      [
        [
          5.599999999999917e-48,
          1.0,
          2.799999999999963e-32,
          5.599999999999898e-64
        ],
        [
          0.9999999999999993,
          7.581095416868639e-16
        ]
      ],
      [
        [
          1.260869565217352e-48,
          1.0,
          6.30434782608686e-33,
          1.2608695652173835e-64
        ],
        [
          0.9999999999999996,
          5.409821023678042e-16
        ]
      ],
      [
        [
          5.0000000000000327e-48,
          1.0,
          2.499999999999985e-32,
          4.9999999999998735e-64
        ],
        [
          0.9999999999999984,
          1.6024552559195137e-15
        ]
      ],
      [
        [
          1.2916666666666525e-48,
          1.0,
          6.458333333333273e-33,
          1.2916666666666663e-64
        ],
        [
          0.9999999999999989,
          1.0995023527813518e-15
        ]
      ],
      [
        [
          1.2799999999999915e-48,
          1.0,
          6.399999999999968e-33,
          1.279999999999987e-64
        ],
        [
          0.9999999999999993,
          7.67681505780067e-16
        ]
      ],
      [
        [
          4.714285714285654e-48,
          1.0,
          2.3571428571428307e-32,
          4.7142857142857047e-64
        ],
        [
          0.999999999999998,
          2.045249263624432e-15
        ]
      ]
    ],