{
  "ok": true,
  "id": "legacy/tmaze_learning_demo",
  "steps": 30,
  "diagnostics": {
    "actions_per_timestep": [
      3.0,
      2.0,
      1.0,
      1.0,
      1.0,
      1.0,
      1.0,
      1.0,
      1.0,
      1.0,
      1.0,
      1.0,
      1.0,
      1.0,
      1.0,
      1.0,
      1.0,
      1.0,
      1.0,
      1.0,
      1.0,
      1.0,
      1.0,
      1.0,
      1.0,
      1.0,
      1.0,
      1.0,
      1.0,
      1.0
    ],
    "beliefs_per_timestep": [
      [
        [
          1.0,
          9.999999999999896e-49,
          9.999999999999896e-49,
          9.999999999999896e-49
        ],
        [
          0.5,
          0.5
        ]
      ],
      [
        [
          9.999999999999754e-49,
          9.999999999999861e-65,
          9.999999999999861e-65,
          1.0
        ],
        [
          1.0,
          9.999999999999965e-17
        ]
      ],
      [
        [
          1.999999999999983e-48,
          9.999999999999931e-33,
          1.0,
          1.999999999999976e-64
        ],
        [
          0.9999999999999998,
          1.9999999999999963e-16
        ]
      ],
      [
        [
          1.9999999999999544e-48,
          1.0,
          8.888888888888792e-33,
          1.999999999999976e-64
        ],
        [
          0.9999999999999998,
          3.0000000000000034e-16
        ]
      ],
      [
        [
          1.7999999999999934e-48,
          1.0,
          8.000000000000066e-33,
          1.799999999999987e-64
        ],
        [
          0.9999999999999996,
          3.5999999999999914e-16
        ]
      ],
      [
        [
          1.666666666666658e-48,
          1.0,
          7.407407407407456e-33,
          1.6666666666666285e-64
        ],
        [
          0.9999999999999996,
          3.8333333333333205e-16
        ]
      ],
      [
        [
          1.571428571428555e-48,
          1.0,
          6.984126984126995e-33,
          1.571428571428527e-64
        ],
        [
          0.9999999999999996,
          3.79761904761903e-16
        ]
      ],
      [
        [
          1.499999999999978e-48,
          1.0,
          6.666666666666649e-33,
          1.4999999999999729e-64
        ],
        [
          0.9999999999999996,
          3.5982142857142717e-16
        ]
      ],
      [
        [
          1.4444444444444253e-48,
          1.0,
          6.419753086419744e-33,
          1.4444444444444203e-64
        ],
        [
          0.9999999999999998,
          3.3209325396825025e-16
        ]
      ],
      [
        [
          3.4999999999998893e-48,
          1.0,
          1.9444444444444043e-32,
          3.499999999999977e-64
        ],
        [
          0.9999999999999993,
          7.561631944444354e-16
        ]
      ],
      [
        [
          2.9999999999999616e-48,
          1.0,
          1.66666666666664e-32,
          2.999999999999951e-64
        ],
        [
          0.9999999999999987,
          1.284244791666645e-15
        ]
      ],
      [
        [
          2.666666666666622e-48,
          1.0,
          1.4814814814814518e-32,
          2.666666666666651e-64
        ],
        [
          0.9999999999999982,
          1.845659722222186e-15
        ]
      ],
      [
        [
          1.6999999999999792e-48,
          1.0,
          7.555555555555553e-33,
          1.6999999999999974e-64
        ],
        [
          0.9999999999999984,
          1.6538107638888445e-15
        ]
      ],
      [
        [
          1.636363636363623e-48,
          1.0,
          7.2727272727273e-33,
          1.6363636363636176e-64
        ],
        [
          0.9999999999999987,
          1.434936079545418e-15
        ]
      ],
      [
        [
          1.5833333333333058e-48,
          1.0,
          7.037037037036999e-33,
          1.583333333333323e-64
        ],
        [
          0.9999999999999989,
          1.215157729640121e-15
        ]
      ],
      [
        [
          1.538461538461522e-48,
          1.0,
          6.837606837606847e-33,
          1.538461538461517e-64
        ],
        [
          0.9999999999999989,
          1.0116597920308573e-15
        ]
      ],
      [
        [
          1.499999999999978e-48,
          1.0,
          6.666666666666649e-33,
          1.4999999999999729e-64
        ],
        [
          0.9999999999999991,
          8.337448440231408e-16
        ]
      ],
      [
        [
          1.466666666666646e-48,
          1.0,
          6.518518518518503e-33,
          1.4666666666666616e-64
        ],
        [
          0.9999999999999993,
          6.847462189503015e-16
        ]
      ],
      [
        [
          1.437499999999964e-48,
          1.0,
          6.388888888888805e-33,
          1.4374999999999794e-64
        ],
        [
          0.9999999999999993,
          5.640363448705282e-16
        ]
      ],
      [
        [
          1.411764705882339e-48,
          1.0,
          6.274509803921582e-33,
          1.411764705882334e-64
        ],
        [
          0.9999999999999996,
          4.687315375556659e-16
        ]
      ],
      [
        [
          3.571428571428522e-48,
          1.0,
          1.98412698412695e-32,
          3.57142857142851e-64
        ],
        [
          0.9999999999999989,
          1.0155920313493943e-15
        ]
      ],
      [
        [
          1.4444444444444457e-48,
          1.0,
          6.419753086419744e-33,
          1.4444444444444203e-64
        ],
        [
          0.9999999999999991,
          8.057053559745639e-16
        ]
      ],
      [
        [
          3.375000000000018e-48,
          1.0,
          1.875000000000004e-32,
          3.3749999999999105e-64
        ],
        [
          0.9999999999999984,
          1.5283777882070694e-15
        ]
      ],
      [
        [
          1.4736842105263065e-48,
          1.0,
          6.549707602339218e-33,
          1.4736842105263013e-64
        ],
        [
          0.9999999999999989,
          1.1998573176262673e-15
        ]
      ],
      [
        [
          1.4499999999999968e-48,
          1.0,
          6.444444444444415e-33,
          1.4499999999999713e-64
        ],
        [
          0.9999999999999991,
          9.42396555279045e-16
        ]
      ],
      [
        [
          1.4285714285714073e-48,
          1.0,
          6.349206349206331e-33,
          1.4285714285714227e-64
        ],
        [
          0.9999999999999993,
          7.445689680564618e-16
        ]
      ],
      [
        [
          1.409090909090923e-48,
          1.0,
          6.262626262626309e-33,
          1.409090909090878e-64
        ],
        [
          0.9999999999999993,
          5.95037227494323e-16
        ]
      ],
      [
        [
          1.3913043478260754e-48,
          1.0,
          6.183574879227076e-33,
          1.3913043478260708e-64
        ],
        [
          0.9999999999999996,
          4.835041582569207e-16
        ]
      ],
      [
        [
          1.374999999999971e-48,
          1.0,
          6.111111111111054e-33,
          1.374999999999966e-64
        ],
        [
          0.9999999999999996,
          4.0115910880163233e-16
        ]
      ],
      [
        [
          1.3599999999999845e-48,
          1.0,
          6.0444444444444476e-33,
          1.3599999999999797e-64
        ],
        [
          0.9999999999999996,
          3.4078819398510805e-16
        ]
      ]
    ],