{
  "action_weights_shape": [
    1,
    4
  ],
  "action_probs": [
    [
      0.00015026135952211916,
      0.9995667338371277,
      5.542756480281241e-05,
      0.0002276226005051285
    ]
  ]
}