{
  "action_weights_shape": [
    1,
    4
  ],
  "action_probs": [
    [
      2.7722790036932565e-05,
      0.49994581937789917,
      0.49994581937789917,
      8.069588511716574e-05
    ]
  ]
}