{
  "ok": true,
  "id": "experimental/sophisticated_inference/si_tmaze_SIvalidation",
  "q_pi_shape": [
    4
  ],
  "action_probs": [
    6.58631327254966e-09,
    0.01766842044889927,
    0.01766842044889927,
    0.9646630883216858
  ],
  "diagnostics": {
    "action_probs": [
      6.58631327254966e-09,
      0.01766842044889927,
      0.01766842044889927,
      0.9646630883216858
    ],
    "q_pi_shape": [
      4
    ]
  }
}