{
  "current_beliefs": [
    0.004424778761061939,
    0.9911504424778762,
    0.004424778761061927
  ],
  "policy_probs": [
    0.33494403063251554,
    0.3301119387349688,
    0.33494403063251554
  ],
  "history_lengths": {
    "beliefs": 1000,
    "observations": 1000,
    "actions": 1000,
    "policy_probs": 1000
  }
}