{
  "current_beliefs": [
    5.8104506649450996e-08,
    7.149001654865937e-26,
    0.9999999418954933
  ],
  "policy_probs": [
    0.2976216433694093,
    0.2534482660585453,
    0.44893009057204525
  ],
  "history_lengths": {
    "beliefs": 1000,
    "observations": 1000,
    "actions": 1000,
    "policy_probs": 1000
  }
}