{
  "current_beliefs": [
    0.5000000000000001,
    9.461307909622458e-38,
    0.5
  ],
  "policy_probs": [
    0.3681529453554098,
    0.26369410928918025,
    0.36815294535540993
  ],
  "history_lengths": {
    "beliefs": 1000,
    "observations": 1000,
    "actions": 1000,
    "policy_probs": 1000
  }
}