{
  "ok": true,
  "id": "envs/generalized_tmaze_demo",
  "action_shape": [
    1,
    4,
    2
  ],
  "diagnostics": {
    "beliefs_per_timestep": [
      [
        1.0,
        0.0,
        0.0,
        4.930398290046586e-32
      ],
      [
        0.0,
        1.0,
        0.0,
        0.0
      ],
      [
        0.0,
        1.0,
        0.0,
        0.0
      ],
      [
        0.0,
        1.0,
        0.0,
        0.0
      ]
    ],
    "actions_per_timestep": [
      [
        1,
        0
      ],
      [
        1,
        0
      ],
      [
        1,
        0
      ],
      [
        1,
        0
      ]
    ],
    "observations_per_timestep": [
      0.0,
      1.0,
      1.0,
      1.0
    ],
    "q_pi_per_timestep": [
      [
        0.02268180623650551,
        0.04536361247301102,
        0.04536361247301102,
        0.03719577565789223,
        0.04536361247301102,
        0.09072722494602203,
        0.09072722494602203,
        0.07439153641462326,
        0.04536361247301102,
        0.09072722494602203,
        0.09072722494602203,
        0.07439153641462326,
        0.03719577565789223,
        0.07439153641462326,
        0.07439153641462326,
        0.0609971322119236
      ],
      [
        0.011023652739822865,
        0.08145438134670258,
        0.0014918891247361898,
        0.011023652739822865,
        0.08145438134670258,
        0.6018710136413574,
        0.011023652739822865,
        0.08145438134670258,
        0.0014918891247361898,
        0.011023652739822865,
        0.00020190523355267942,
        0.0014918891247361898,
        0.011023652739822865,
        0.08145438134670258,
        0.0014918891247361898,
        0.011023652739822865
      ],
      [
        0.011023652739822865,
        0.08145438134670258,
        0.0014918891247361898,
        0.011023652739822865,
        0.08145438134670258,
        0.6018710136413574,
        0.011023652739822865,
        0.08145438134670258,
        0.0014918891247361898,
        0.011023652739822865,
        0.00020190523355267942,
        0.0014918891247361898,
        0.011023652739822865,
        0.08145438134670258,
        0.0014918891247361898,
        0.011023652739822865
      ],
      [
        0.011023652739822865,
        0.08145438134670258,
        0.0014918891247361898,
        0.011023652739822865,
        0.08145438134670258,
        0.6018710136413574,
        0.011023652739822865,
        0.08145438134670258,
        0.0014918891247361898,
        0.011023652739822865,
        0.00020190523355267942,
        0.0014918891247361898,
        0.011023652739822865,
        0.08145438134670258,
        0.0014918891247361898,
        0.011023652739822865
      ]
    ],
    "neg_efe_per_timestep": [
      [
        0.0,
        0.6931471824645996,
        0.6931471824645996,
        0.49463191628456116,
        0.6931471824645996,
        1.3862943649291992,
        1.3862943649291992,
        1.1877790689468384,
        0.6931471824645996,
        1.3862943649291992,
        1.3862943649291992,
        1.1877790689468384,
        0.49463191628456116,
        1.1877790689468384,
        1.1877790689468384,
        0.9892638325691223
      ],
      [
        0.0,
        2.0,
        -2.0,
        0.0,
        2.0,
        4.0,
        0.0,
        2.0,
        -2.0,
        0.0,
        -4.0,
        -2.0,
        0.0,
        2.0,
        -2.0,
        0.0
      ],
      [
        0.0,
        2.0,
        -2.0,
        0.0,
        2.0,
        4.0,
        0.0,
        2.0,
        -2.0,
        0.0,
        -4.0,
        -2.0,
        0.0,
        2.0,
        -2.0,
        0.0
      ],
      [
        0.0,
        2.0,
        -2.0,
        0.0,
        2.0,
        4.0,
        0.0,
        2.0,
        -2.0,
        0.0,
        -4.0,
        -2.0,
        0.0,
        2.0,
        -2.0,
        0.0
      ]
    ]
  }
}