{
  "current_beliefs": [
    0.98989898989899,
    0.010101010101010078,
    4.2627955622642104e-18
  ],
  "policy_probs": [
    0.38841932770167686,
    0.30175828571673335,
    0.3098223865815897
  ],
  "history_lengths": {
    "beliefs": 1000,
    "observations": 1000,
    "actions": 1000,
    "policy_probs": 1000
  }
}