{
  "current_beliefs": [
    0.9987261146496815,
    3.440646201593122e-17,
    0.001273885350318472
  ],
  "policy_probs": [
    0.43698519487869336,
    0.25888064452447557,
    0.30413416059683107
  ],
  "history_lengths": {
    "beliefs": 1000,
    "observations": 1000,
    "actions": 1000,
    "policy_probs": 1000
  }
}