{
  "current_beliefs": [
    0.9999999999999967,
    2.156852992130505e-66,
    3.3761340853132456e-15
  ],
  "policy_probs": [
    0.4688171617797546,
    0.2443017999313599,
    0.28688103828888567
  ],
  "history_lengths": {
    "beliefs": 1000,
    "observations": 1000,
    "actions": 1000,
    "policy_probs": 1000
  }
}