{
  "status": "completed",
  "timestamp": "2024-11-07T15:50:25.123932",
  "summary": {
    "mean_beliefs": [
      0.1575850309580965,
      0.39939131330521155,
      0.4430236557366901
    ],
    "action_frequencies": [
      322,
      250,
      428
    ],
    "final_state": 0,
    "total_timesteps": 1000,
    "homeostasis_metrics": {
      "time_in_homeo": 0.338,
      "transitions": 310,
      "control_efficiency": 0.25
    }
  }
}