{
  "qs": [
    [
      [
        [
          0.30049630999565125,
          0.07196536660194397,
          0.3624832034111023,
          0.2650550901889801
        ]
      ]
    ],
    [
      [
        [
          0.4276776611804962,
          0.026058882474899292,
          0.2514980435371399,
          0.2675861716270447,
          0.02717934362590313
        ]
      ]
    ],
    [
      [
        [
          0.5,
          0.5
        ]
      ]
    ]
  ],
  "qpi": [
    [
      0.08205539733171463,
      0.08205539733171463,
      0.0826961100101471,
      0.0826961100101471,
      0.08376159518957138,
      0.08376159518957138,
      0.08314541727304459,
      0.08314541727304459,
      0.0827464610338211,
      0.0827464610338211,
      0.0855950191617012,
      0.0855950191617012
    ]
  ],
  "neg_efe": [
    [
      1.3086278438568115,
      1.3086278438568115,
      1.3164057731628418,
      1.3164057731628418,
      1.3292077779769897,
      1.3292077779769897,
      1.321824312210083,
      1.321824312210083,
      1.317014455795288,
      1.317014455795288,
      1.350860357284546,
      1.350860357284546
    ]
  ]
}