{
  "qs_shapes": [
    [
      1,
      1,
      3
    ],
    [
      1,
      1,
      2
    ]
  ],
  "action": [
    0
  ],
  "A_matrix": [
    [
      [
        0.1380532681941986,
        0.30775853991508484,
        0.6493806838989258
      ],
      [
        0.07851477712392807,
        0.6561755537986755,
        0.06346746534109116
      ],
      [
        0.7834319472312927,
        0.03606591373682022,
        0.28715184330940247
      ]
    ],
    [
      [
        [
          0.03867059946060181,
          0.1701429784297943
        ],
        [
          0.07416687905788422,
          0.07546265423297882
        ],
        [
          0.3938010632991791,
          0.5727246999740601
        ]
      ],
      [
        [
          0.14433641731739044,
          0.06892408430576324
        ],
        [
          0.028507687151432037,
          0.004160185810178518
        ],
        [
          0.12840433418750763,
          0.0793357565999031
        ]
      ],
      [
        [
          0.1291699856519699,
          0.6465492248535156
        ],
        [
          0.6532252430915833,
          0.27174612879753113
        ],
        [
          0.0019467849051579833,
          0.3341003954410553
        ]
      ],
      [
        [
          0.13591836392879486,
          0.10932155698537827
        ],
        [
          0.1500752568244934,
          0.25604724884033203
        ],
        [
          0.17381173372268677,
          0.007266175001859665
        ]
      ],
      [
        [
          0.5519046783447266,
          0.005062206648290157
        ],
        [
          0.09402497112751007,
          0.3925837576389313
        ],
        [
          0.3020360469818115,
          0.00657298369333148
        ]
      ]
    ]
  ],
  "B_matrix": [
    [
      [
        [
          0.5532619953155518,
          0.052346620708703995,
          0.7433873414993286
        ],
        [
          0.37300336360931396,
          0.16954880952835083,
          0.22376559674739838
        ],
        [
          0.22413048148155212,
          0.002330122049897909,
          0.39334359765052795
        ]
      ],
      [
        [
          0.008953937329351902,
          0.11926210671663284,
          0.03984284773468971
        ],
        [
          0.19029907882213593,
          0.49913889169692993,
          0.002967751119285822
        ],
        [
          0.4891411364078522,
          0.5751956701278687,
          0.1399936079978943
        ]
      ],
      [
        [
          0.4377841353416443,
          0.8283912539482117,
          0.21676981449127197
        ],
        [
          0.4366975426673889,
          0.3313123881816864,
          0.7732666730880737
        ],
        [
          0.28672847151756287,
          0.4224742352962494,
          0.466662734746933
        ]
      ]
    ],
    [
      [
        [
          [
            0.319804847240448
          ],
          [
            0.7073991298675537
          ]
        ],
        [
          [
            0.17334343492984772
          ],
          [
            0.7194724082946777
          ]
        ],
        [
          [
            0.6848195195198059
          ],
          [
            0.25076061487197876
          ]
        ]
      ],
      [
        [
          [
            0.680195152759552
          ],
          [
            0.2926008105278015
          ]
        ],
        [
          [
            0.8266565203666687
          ],
          [
            0.2805275619029999
          ]
        ],
        [
          [
            0.3151804506778717
          ],
          [
            0.7492393255233765
          ]
        ]
      ]
    ]
  ],
  "C_matrix": [
    [
      0.3333333432674408,
      0.3333333432674408,
      0.3333333432674408
    ],
    [
      0.20000000298023224,
      0.20000000298023224,
      0.20000000298023224,
      0.20000000298023224,
      0.20000000298023224
    ]
  ],
  "D_matrix": [
    [
      [
        0.3333333432674408,
        0.3333333432674408,
        0.3333333432674408
      ]
    ],
    [
      [
        0.5,
        0.5
      ]
    ]
  ],
  "diagnostics": {
    "beliefs": [
      [
        0.005266540218144655,
        0.9900918006896973,
        0.004641661420464516
      ],
      [
        0.2022075057029724,
        0.7977924942970276
      ]
    ],
    "q_pi": [
      0.35895493626594543,
      0.35427984595298767,
      0.2867651879787445
    ],
    "neg_efe": [
      1.191864013671875,
      1.1787543296813965,
      0.9673308730125427
    ]
  },
  "_invariants": {
    "passed": true,
    "violations": []
  }
}