{
  "current_beliefs": [
    1.2057621733261567e-16,
    1.3257226327309686e-60,
    0.9999999999999999
  ],
  "policy_probs": [
    0.2847253727754041,
    0.24246608095831607,
    0.4728085462662798
  ],
  "history_lengths": {
    "beliefs": 1000,
    "observations": 1000,
    "actions": 1000,
    "policy_probs": 1000
  }
}