{
  "ok": true,
  "id": "advanced/complex_action_dependency",
  "qs0_shape": [
    1,
    1,
    4
  ],
  "diagnostics": {
    "beliefs": [
      [
        0.3499186038970947,
        0.2035166174173355,
        0.25575318932533264,
        0.19081155955791473
      ],
      [
        0.18649530410766602,
        0.2387494295835495,
        0.22869274020195007,
        0.3067012429237366,
        0.039361316710710526
      ],
      [
        0.5,
        0.5
      ]
    ],
    "q_pi": [
      0.08278413861989975,
      0.08278413861989975,
      0.08480514585971832,
      0.08480514585971832,
      0.08190039545297623,
      0.08190039545297623,
      0.08553534001111984,
      0.08553534001111984,
      0.08262807130813599,
      0.08262807130813599,
      0.08234692364931107,
      0.08234692364931107
    ],
    "neg_efe": [
      1.2299060821533203,
      1.2299060821533203,
      1.2540258169174194,
      1.2540258169174194,
      1.2191734313964844,
      1.2191734313964844,
      1.262599229812622,
      1.262599229812622,
      1.228019118309021,
      1.228019118309021,
      1.224610686302185,
      1.224610686302185
    ]
  }
}