{
  "status": "completed",
  "timestamp": "2024-11-07T15:51:45.497157",
  "summary": {
    "mean_beliefs": [
      0.33840364096050063,
      0.15497777995406894,
      0.5066185790854305
    ],
    "action_frequencies": [
      357,
      263,
      380
    ],
    "final_state": 1,
    "total_timesteps": 1000,
    "homeostasis_metrics": {
      "time_in_homeo": 0.301,
      "transitions": 294,
      "control_efficiency": 0.263
    }
  }
}