{
  "current_beliefs": [
    4.5551860793513425e-05,
    3.926568702839754e-46,
    0.9999544481392064
  ],
  "policy_probs": [
    0.3018981441875638,
    0.25708601719149937,
    0.44101583862093685
  ],
  "history_lengths": {
    "beliefs": 1000,
    "observations": 1000,
    "actions": 1000,
    "policy_probs": 1000
  }
}