{
  "current_beliefs": [
    0.9999999418954933,
    2.600651600226735e-82,
    5.810450664945069e-08
  ],
  "policy_probs": [
    0.44893009057204525,
    0.25344826605854537,
    0.2976216433694094
  ],
  "history_lengths": {
    "beliefs": 1000,
    "observations": 1000,
    "actions": 1000,
    "policy_probs": 1000
  }
}