{
  "mean_beliefs": [
    0.570577715834513,
    0.011443976889659471,
    0.4179783072758278
  ],
  "action_frequencies": [
    381,
    260,
    359
  ],
  "final_state": 0,
  "total_timesteps": 1000,
  "homeostasis_metrics": {
    "time_in_homeo": 0.333,
    "transitions": 304,
    "control_efficiency": 0.26
  }
}