{
  "current_beliefs": [
    1.5072027166576795e-17,
    0.9999999999999881,
    1.1816469298596213e-14
  ],
  "policy_probs": [
    0.38509409012884976,
    0.2083522727751258,
    0.4065536370960245
  ],
  "history_lengths": {
    "beliefs": 1000,
    "observations": 1000,
    "actions": 1000,
    "policy_probs": 1000
  }
}