{
  "action_weights_shape": [
    1,
    4
  ],
  "action_probs": [
    [
      0.9211742877960205,
      0.03711377829313278,
      0.03711377829313278,
      0.004598126746714115
    ]
  ],
  "_invariants": {
    "passed": true,
    "violations": []
  }
}