{
  "current_beliefs": [
    0.9999999999973531,
    3.0785700976147436e-43,
    2.646889122878589e-12
  ],
  "policy_probs": [
    0.4608468549821267,
    0.2479675062691718,
    0.2911856387487015
  ],
  "history_lengths": {
    "beliefs": 1000,
    "observations": 1000,
    "actions": 1000,
    "policy_probs": 1000
  }
}