{
  "ok": true,
  "id": "inference_and_learning/inference_methods_comparison",
  "algos": {
    "fpi": [
      0
    ]
  },
  "diagnostics": {
    "fpi": {
      "beliefs": [
        [
          0.005266540218144655,
          0.9900918006896973,
          0.004641661420464516
        ],
        [
          0.2022075057029724,
          0.7977924942970276
        ]
      ],
      "q_pi": [
        0.35895493626594543,
        0.35427984595298767,
        0.2867651879787445
      ],
      "neg_efe": [
        1.191864013671875,
        1.1787543296813965,
        0.9673308730125427
      ]
    }
  }
}