{
  "current_beliefs": [
    0.9987261146496815,
    6.3803905717837635e-52,
    0.0012738853503184713
  ],
  "policy_probs": [
    0.43698519487869336,
    0.25888064452447557,
    0.30413416059683107
  ],
  "history_lengths": {
    "beliefs": 1000,
    "observations": 1000,
    "actions": 1000,
    "policy_probs": 1000
  }
}