{
  "current_beliefs": [
    0.9999999999999055,
    8.14863370543812e-55,
    9.453175438876209e-14
  ],
  "policy_probs": [
    0.4648297630549634,
    0.24613568577144487,
    0.28903455117359184
  ],
  "history_lengths": {
    "beliefs": 1000,
    "observations": 1000,
    "actions": 1000,
    "policy_probs": 1000
  }
}