{
  "ok": true,
  "id": "legacy/tmaze_learning_demo",
  "steps": 5,
  "diagnostics": {
    "actions_per_timestep": [
      3.0,
      2.0,
      1.0,
      2.0,
      2.0
    ],
    "beliefs_per_timestep": [
      [
        "[1.e+00 1.e-48 1.e-48 1.e-48]",
        "[0.5 0.5]"
      ],
      [
        "[1.e-48 1.e-64 1.e-64 1.e+00]",
        "[1.e-16 1.e+00]"
      ],
      [
        "[2.e-48 1.e-32 1.e+00 2.e-64]",
        "[2.e-16 1.e+00]"
      ],
      [
        "[2.00000000e-48 1.00000000e+00 8.88888889e-33 2.00000000e-64]",
        "[3.e-16 1.e+00]"
      ],
      [
        "[1.8e-48 8.0e-33 1.0e+00 1.8e-64]",
        "[3.6e-16 1.0e+00]"
      ]
    ],
    "q_pi_per_timestep": [
      [
        1.398622393412211e-05,
        0.04169242101471894,
        0.04169242101471894,
        0.9166011717466279
      ],
      [
        0.0001676747634253164,
        0.4998323252365747,
        0.4998323252365747,
        0.0001676747634253164
      ],
      [
        0.0001676747634253164,
        0.4998323252365747,
        0.4998323252365747,
        0.0001676747634253164
      ],
      [
        2.1793738990283574e-05,
        0.06496633728643583,
        0.9349900752355836,
        2.1793738990283574e-05
      ],
      [
        2.328896996933668e-05,
        0.0008152845657520085,
        0.9991381374943094,
        2.328896996933668e-05
      ]
    ],
    "efe_per_timestep": [
      [
        -4.627837940682393,
        -4.127837828147235,
        -4.127837828147235,
        -3.934690760122448
      ],
      [
        -4.627837940682393,
        -4.127837828147235,
        -4.127837828147235,
        -4.627837940682393
      ],
      [
        -4.627837940682393,
        -4.127837828147235,
        -4.127837828147235,
        -4.627837940682393
      ],
      [
        -4.627837940682393,
        -4.127837828147235,
        -3.9611711614805687,
        -4.627837940682393
      ],
      [
        -4.627837940682391,
        -4.405615605925012,
        -3.961171161480568,
        -4.627837940682391
      ]
    ],
    "vfe_per_timestep": []
  }
}