{
  "current_beliefs": [
    5.492721270618455e-21,
    6.758077078301792e-39,
    1.0
  ],
  "policy_probs": [
    0.2846042683257663,
    0.24236295098080807,
    0.4730327806934256
  ],
  "history_lengths": {
    "beliefs": 1000,
    "observations": 1000,
    "actions": 1000,
    "policy_probs": 1000
  }
}