{
  "status": "completed",
  "timestamp": "2024-11-07T15:52:23.773313",
  "summary": {
    "mean_beliefs": [
      0.35532905357786215,
      0.027113331641521018,
      0.6175576147806157
    ],
    "action_frequencies": [
      352,
      271,
      377
    ],
    "final_state": 1,
    "total_timesteps": 1000,
    "homeostasis_metrics": {
      "time_in_homeo": 0.278,
      "transitions": 273,
      "control_efficiency": 0.271
    }
  }
}