{
  "ok": true,
  "id": "legacy/agent_demo",
  "final_state": [
    "0",
    "2"
  ],
  "diagnostics": {
    "actions_per_timestep": [
      [
        0.0,
        2.0
      ],
      [
        0.0,
        2.0
      ]
    ],
    "states_per_timestep": [
      [
        "0",
        "2"
      ],
      [
        "0",
        "2"
      ]
    ],
    "beliefs_per_timestep": [
      [
        "[0.30137235 0.69862765]",
        "[3.89701071e-01 3.89701071e-33 6.10298929e-01]"
      ],
      [
        "[0.14816334 0.85183666]",
        "[3.39264222e-01 3.39264222e-33 6.60735778e-01]"
      ]
    ],
    "q_pi_per_timestep": [
      [
        0.06647494282483846,
        0.015855755186844137,
        0.9176693019883174
      ],
      [
        0.1659116990739779,
        0.0022754536248894217,
        0.8318128473011327
      ]
    ],
    "efe_per_timestep": [
      [
        -3.604829979104795,
        -3.6944107628135656,
        -3.4407667284044585
      ],
      [
        -3.604829979104794,
        -3.8729097469459504,
        -3.504070494177952
      ]
    ]
  }
}